user_id,signup_date,country,store,acquisition_channel
u_000000,2025-10-16,US,play_store,paid_social
u_000001,2024-08-16,US,app_store,influencer
u_000002,2024-03-30,IN,app_store,organic
u_000003,2024-08-11,US,play_store,influencer
u_000004,2024-07-22,CA,play_store,referral
u_000005,2024-08-13,DE,app_store,organic
u_000006,2024-06-12,CA,app_store,paid_social
u_000007,2024-08-08,MX,app_store,organic
u_000008,2025-01-24,US,stripe,influencer
u_000009,2024-09-27,JP,play_store,influencer
u_000010,2024-05-07,MX,app_store,influencer
u_000011,2024-10-27,JP,play_store,paid_search
u_000012,2025-08-14,US,app_store,paid_social
u_000013,2024-10-23,MX,stripe,organic
u_000014,2025-01-24,US,play_store,paid_search
u_000015,2024-06-15,GB,app_store,paid_search
u_000016,2025-11-30,BR,play_store,paid_social
u_000017,2025-06-30,CA,app_store,referral
u_000018,2024-10-03,MX,play_store,influencer
u_000019,2024-08-12,CA,stripe,organic
u_000020,2024-08-22,JP,stripe,referral
u_000021,2024-10-01,US,stripe,influencer
u_000022,2024-11-18,US,play_store,referral
u_000023,2024-05-26,US,app_store,influencer
u_000024,2025-07-05,US,play_store,influencer
u_000025,2025-02-12,GB,stripe,paid_social
u_000026,2025-06-05,IN,play_store,organic
u_000027,2024-06-05,BR,play_store,referral
u_000028,2025-09-02,US,app_store,referral
u_000029,2025-06-25,US,play_store,organic
u_000030,2025-11-27,CA,play_store,influencer
u_000031,2024-09-30,AU,app_store,paid_search
u_000032,2025-03-21,US,app_store,paid_search
u_000033,2025-05-27,AU,play_store,organic
u_000034,2025-10-02,US,play_store,influencer
u_000035,2024-07-22,US,play_store,influencer
u_000036,2025-06-27,FR,play_store,referral
u_000037,2024-01-20,US,app_store,paid_search
u_000038,2024-09-02,US,stripe,organic
u_000039,2024-03-28,CA,stripe,influencer
u_000040,2024-05-08,US,play_store,influencer
u_000041,2024-06-18,US,stripe,referral
u_000042,2024-08-04,FR,play_store,paid_social
u_000043,2024-11-15,GB,play_store,paid_search
u_000044,2025-03-24,FR,play_store,paid_social
u_000045,2024-08-18,US,app_store,influencer
u_000046,2024-08-23,IN,app_store,organic
u_000047,2024-08-22,US,app_store,paid_search
u_000048,2024-03-13,IN,app_store,referral
u_000049,2024-08-07,IN,play_store,influencer
u_000050,2025-08-13,DE,play_store,referral
u_000051,2024-07-13,US,play_store,paid_search
u_000052,2025-03-09,DE,stripe,organic
u_000053,2025-11-20,BR,play_store,organic
u_000054,2025-02-16,CA,stripe,organic
u_000055,2024-09-11,US,play_store,paid_social
u_000056,2025-03-08,US,play_store,organic
u_000057,2025-03-29,JP,stripe,organic
u_000058,2024-02-21,BR,play_store,organic
u_000059,2024-04-05,FR,stripe,paid_social
u_000060,2025-02-20,IN,app_store,referral
u_000061,2024-03-01,US,app_store,referral
u_000062,2024-09-28,FR,play_store,paid_search
u_000063,2025-03-09,CA,play_store,influencer
u_000064,2025-11-08,CA,app_store,paid_search
u_000065,2024-08-10,MX,play_store,influencer
u_000066,2024-03-03,AU,app_store,influencer
u_000067,2025-05-03,IN,stripe,paid_social
u_000068,2024-02-28,MX,app_store,paid_social
u_000069,2024-03-11,IN,play_store,paid_social
u_000070,2025-02-17,US,stripe,paid_social
u_000071,2025-08-15,IN,play_store,referral
u_000072,2025-11-04,IN,play_store,paid_search
u_000073,2024-07-28,BR,app_store,paid_search
u_000074,2025-02-09,US,play_store,referral
u_000075,2024-11-19,FR,stripe,organic
u_000076,2025-04-14,BR,play_store,organic
u_000077,2024-03-16,IN,play_store,paid_social
u_000078,2024-12-23,FR,stripe,paid_search
u_000079,2024-10-18,US,stripe,paid_search
u_000080,2025-09-18,MX,stripe,influencer
u_000081,2024-01-09,BR,play_store,organic
u_000082,2024-05-17,US,stripe,influencer
u_000083,2024-06-08,US,play_store,paid_search
u_000084,2024-07-27,CA,stripe,influencer
u_000085,2025-05-15,US,stripe,organic
u_000086,2024-04-04,BR,stripe,organic
u_000087,2024-01-04,GB,app_store,paid_search
u_000088,2024-06-14,AU,play_store,referral
u_000089,2025-07-28,US,app_store,paid_social
u_000090,2025-07-12,US,app_store,influencer
u_000091,2024-05-31,DE,app_store,paid_search
u_000092,2024-02-10,FR,app_store,paid_social
u_000093,2025-11-13,US,play_store,referral
u_000094,2025-09-27,AU,stripe,paid_social
u_000095,2024-06-15,MX,stripe,referral
u_000096,2024-01-26,US,stripe,referral
u_000097,2025-11-16,FR,stripe,paid_search
u_000098,2024-06-12,AU,app_store,organic
u_000099,2025-04-26,US,stripe,referral
u_000100,2024-12-24,GB,play_store,paid_social
u_000101,2024-08-16,US,app_store,paid_search
u_000102,2024-10-12,FR,stripe,paid_search
u_000103,2024-12-25,BR,app_store,influencer
u_000104,2024-12-05,FR,app_store,paid_search
u_000105,2024-07-01,IN,stripe,organic
u_000106,2024-04-21,IN,app_store,paid_search
u_000107,2025-03-22,BR,play_store,referral
u_000108,2025-08-13,US,app_store,referral
u_000109,2024-01-02,IN,stripe,paid_social
u_000110,2025-01-07,DE,stripe,paid_search
u_000111,2025-09-30,GB,stripe,paid_search
u_000112,2025-06-03,GB,app_store,referral
u_000113,2025-12-14,US,app_store,referral
u_000114,2025-11-11,MX,play_store,paid_social
u_000115,2025-09-22,IN,app_store,organic
u_000116,2024-11-07,US,app_store,influencer
u_000117,2025-09-13,BR,play_store,referral
u_000118,2025-11-22,US,play_store,paid_social
u_000119,2025-11-05,US,play_store,influencer
u_000120,2024-12-09,US,stripe,paid_social
u_000121,2025-11-19,GB,stripe,paid_social
u_000122,2024-01-26,US,stripe,influencer
u_000123,2024-03-15,DE,stripe,influencer
u_000124,2024-07-18,CA,app_store,referral
u_000125,2024-09-06,US,play_store,organic
u_000126,2025-03-11,US,stripe,influencer
u_000127,2025-04-20,US,app_store,organic
u_000128,2025-04-12,US,play_store,influencer
u_000129,2025-07-26,IN,stripe,referral
u_000130,2025-09-19,JP,stripe,referral
u_000131,2025-07-15,DE,app_store,referral
u_000132,2025-04-05,US,app_store,paid_search
u_000133,2025-06-17,IN,app_store,referral
u_000134,2024-03-20,CA,app_store,paid_search
u_000135,2024-11-23,FR,app_store,paid_social
u_000136,2024-08-24,GB,app_store,paid_social
u_000137,2024-03-06,DE,app_store,referral
u_000138,2025-03-01,US,stripe,referral
u_000139,2025-08-21,MX,app_store,influencer
u_000140,2025-01-24,DE,stripe,paid_search
u_000141,2025-02-03,JP,stripe,referral
u_000142,2025-07-05,AU,play_store,influencer
u_000143,2024-08-13,IN,app_store,referral
u_000144,2024-01-30,GB,play_store,referral
u_000145,2024-06-18,JP,stripe,influencer
u_000146,2025-06-30,US,app_store,influencer
u_000147,2025-11-09,US,play_store,paid_social
u_000148,2025-04-17,US,app_store,paid_search
u_000149,2024-08-04,DE,app_store,referral
u_000150,2024-10-11,AU,stripe,paid_search
u_000151,2024-03-24,DE,play_store,organic
u_000152,2024-12-24,US,app_store,organic
u_000153,2024-02-01,MX,app_store,organic
u_000154,2025-09-28,US,app_store,organic
u_000155,2025-07-31,MX,play_store,paid_search
u_000156,2025-01-12,US,play_store,organic
u_000157,2024-06-16,MX,app_store,organic
u_000158,2024-11-15,IN,stripe,referral
u_000159,2025-02-10,MX,app_store,influencer
u_000160,2025-12-08,JP,app_store,paid_search
u_000161,2025-12-01,BR,app_store,influencer
u_000162,2024-02-12,GB,app_store,paid_search
u_000163,2024-03-11,IN,app_store,referral
u_000164,2025-05-16,US,stripe,referral
u_000165,2024-06-05,DE,play_store,paid_search
u_000166,2025-09-22,JP,play_store,referral
u_000167,2025-04-21,DE,play_store,paid_search
u_000168,2024-11-26,JP,stripe,organic
u_000169,2024-10-12,FR,app_store,referral
u_000170,2025-08-06,BR,app_store,organic
u_000171,2025-05-21,JP,app_store,paid_social
u_000172,2024-12-29,AU,app_store,influencer
u_000173,2024-10-09,IN,play_store,paid_social
u_000174,2024-03-28,US,app_store,influencer
u_000175,2024-09-03,CA,play_store,referral
u_000176,2025-04-03,AU,app_store,paid_social
u_000177,2025-02-18,CA,app_store,influencer
u_000178,2025-01-12,DE,play_store,referral
u_000179,2025-07-17,GB,play_store,paid_search
u_000180,2024-11-09,US,app_store,paid_social
u_000181,2024-11-19,US,play_store,paid_social
u_000182,2024-07-15,US,play_store,influencer
u_000183,2025-06-21,IN,stripe,paid_social
u_000184,2024-10-30,US,app_store,organic
u_000185,2025-06-30,US,app_store,organic
u_000186,2025-07-20,US,stripe,referral
u_000187,2024-04-15,FR,play_store,referral
u_000188,2025-05-05,DE,app_store,organic
u_000189,2024-09-15,MX,play_store,organic
u_000190,2025-02-14,IN,play_store,organic
u_000191,2024-06-04,US,play_store,paid_search
u_000192,2024-03-28,MX,app_store,referral
u_000193,2025-09-12,IN,play_store,influencer
u_000194,2025-01-24,DE,app_store,influencer
u_000195,2025-03-15,GB,play_store,influencer
u_000196,2024-04-11,MX,app_store,paid_social
u_000197,2024-09-27,BR,app_store,paid_social
u_000198,2025-07-19,US,app_store,referral
u_000199,2025-12-06,IN,app_store,paid_social
u_000200,2024-10-22,CA,play_store,referral
u_000201,2024-03-13,CA,stripe,influencer
u_000202,2025-11-08,JP,app_store,organic
u_000203,2025-07-11,US,app_store,paid_search
u_000204,2024-05-25,US,app_store,paid_search
u_000205,2025-09-01,AU,play_store,paid_search
u_000206,2025-03-25,US,play_store,referral
u_000207,2024-10-05,IN,play_store,organic
u_000208,2025-09-04,US,app_store,paid_search
u_000209,2025-09-10,US,app_store,influencer
u_000210,2025-08-24,MX,stripe,paid_search
u_000211,2025-08-13,US,play_store,referral
u_000212,2025-06-15,BR,stripe,paid_social
u_000213,2025-08-22,DE,stripe,organic
u_000214,2025-04-26,GB,app_store,organic
u_000215,2024-06-13,GB,play_store,paid_search
u_000216,2025-11-09,MX,stripe,influencer
u_000217,2024-02-07,DE,app_store,paid_search
u_000218,2024-04-28,MX,app_store,influencer
u_000219,2024-01-02,BR,play_store,referral
u_000220,2024-02-25,US,app_store,referral
u_000221,2025-10-02,DE,app_store,paid_search
u_000222,2025-07-16,US,app_store,referral
u_000223,2024-05-04,US,play_store,paid_social
u_000224,2024-06-11,GB,app_store,referral
u_000225,2024-04-05,US,stripe,organic
u_000226,2025-04-17,MX,play_store,paid_social
u_000227,2025-05-25,FR,app_store,paid_search
u_000228,2025-03-01,JP,stripe,paid_social
u_000229,2025-04-12,IN,app_store,influencer
u_000230,2025-06-04,AU,app_store,organic
u_000231,2024-10-09,AU,stripe,paid_search
u_000232,2025-06-03,US,app_store,paid_search
u_000233,2025-08-24,IN,play_store,paid_social
u_000234,2025-04-02,IN,app_store,influencer
u_000235,2025-07-10,GB,stripe,paid_social
u_000236,2025-12-15,US,app_store,referral
u_000237,2024-02-14,GB,play_store,referral
u_000238,2025-01-30,MX,play_store,paid_social
u_000239,2025-05-22,MX,app_store,influencer
u_000240,2024-12-05,FR,stripe,referral
u_000241,2024-04-12,IN,play_store,paid_social
u_000242,2025-02-23,FR,stripe,organic
u_000243,2025-04-25,AU,app_store,influencer
u_000244,2025-12-10,GB,app_store,paid_search
u_000245,2025-11-21,JP,app_store,paid_search
u_000246,2025-10-03,CA,play_store,influencer
u_000247,2024-02-06,BR,app_store,paid_search
u_000248,2024-08-20,AU,app_store,organic
u_000249,2025-10-10,CA,app_store,paid_social
u_000250,2025-12-11,US,app_store,paid_search
u_000251,2024-02-27,US,app_store,paid_social
u_000252,2024-09-07,IN,play_store,paid_social
u_000253,2024-06-23,US,play_store,referral
u_000254,2025-09-26,CA,play_store,influencer
u_000255,2024-05-26,US,play_store,referral
u_000256,2024-09-18,BR,stripe,referral
u_000257,2024-10-21,BR,app_store,referral
u_000258,2024-12-19,MX,app_store,referral
u_000259,2025-12-07,US,stripe,paid_social
u_000260,2025-01-28,JP,app_store,referral
u_000261,2025-08-08,GB,app_store,paid_search
u_000262,2024-01-23,MX,play_store,paid_search
u_000263,2024-01-09,IN,play_store,organic
u_000264,2025-09-12,AU,stripe,paid_search
u_000265,2024-08-23,BR,app_store,paid_social
u_000266,2025-09-27,US,play_store,paid_social
u_000267,2025-10-05,US,play_store,organic
u_000268,2024-11-12,AU,app_store,paid_search
u_000269,2024-05-14,US,app_store,referral
u_000270,2024-06-28,US,play_store,paid_search
u_000271,2025-06-27,IN,app_store,paid_social
u_000272,2024-09-20,FR,stripe,paid_search
u_000273,2024-12-12,JP,play_store,organic
u_000274,2024-05-24,AU,app_store,referral
u_000275,2025-07-24,GB,play_store,organic
u_000276,2024-09-27,IN,play_store,paid_search
u_000277,2025-08-21,GB,play_store,paid_search
u_000278,2024-04-20,BR,play_store,influencer
u_000279,2025-07-28,GB,play_store,organic
u_000280,2025-10-12,JP,stripe,paid_search
u_000281,2025-10-26,DE,app_store,organic
u_000282,2024-11-07,MX,app_store,paid_social
u_000283,2025-07-04,US,play_store,influencer
u_000284,2025-03-05,IN,play_store,referral
u_000285,2025-11-01,US,play_store,referral
u_000286,2024-10-13,US,app_store,referral
u_000287,2025-03-31,MX,stripe,organic
u_000288,2025-12-03,GB,stripe,paid_search
u_000289,2024-03-03,GB,app_store,organic
u_000290,2025-04-10,US,app_store,influencer
u_000291,2024-01-22,US,app_store,paid_social
u_000292,2025-08-01,US,stripe,influencer
u_000293,2024-07-31,IN,stripe,paid_social
u_000294,2024-12-02,AU,play_store,influencer
u_000295,2024-01-03,US,stripe,paid_social
u_000296,2025-07-07,US,app_store,organic
u_000297,2024-05-14,US,play_store,paid_social
u_000298,2025-08-25,GB,app_store,organic
u_000299,2024-05-09,AU,play_store,organic
u_000300,2025-05-02,DE,app_store,influencer
u_000301,2024-04-21,DE,app_store,influencer
u_000302,2024-02-14,CA,stripe,influencer
u_000303,2024-11-04,DE,stripe,organic
u_000304,2025-05-05,JP,app_store,organic
u_000305,2025-05-17,CA,app_store,organic
u_000306,2024-11-25,BR,app_store,paid_search
u_000307,2025-10-01,BR,play_store,paid_search
u_000308,2025-01-25,MX,play_store,referral
u_000309,2025-06-01,BR,app_store,organic
u_000310,2025-11-01,BR,play_store,paid_social
u_000311,2025-03-16,DE,app_store,paid_search
u_000312,2025-04-09,GB,play_store,paid_search
u_000313,2025-03-13,GB,app_store,paid_social
u_000314,2025-12-04,FR,app_store,organic
u_000315,2024-04-05,DE,play_store,paid_search
u_000316,2024-05-13,IN,play_store,influencer
u_000317,2025-07-29,GB,app_store,paid_search
u_000318,2025-11-12,MX,app_store,organic
u_000319,2024-10-21,BR,app_store,influencer
u_000320,2025-06-03,US,play_store,paid_social
u_000321,2024-04-20,GB,play_store,organic
u_000322,2024-10-12,IN,stripe,influencer
u_000323,2025-09-28,BR,play_store,organic
u_000324,2025-09-15,FR,stripe,paid_search
u_000325,2024-01-30,US,play_store,paid_search
u_000326,2024-12-13,GB,app_store,paid_social
u_000327,2025-08-02,BR,app_store,organic
u_000328,2024-04-03,AU,app_store,referral
u_000329,2025-04-09,GB,app_store,paid_search
u_000330,2025-08-04,IN,stripe,paid_social
u_000331,2024-06-10,AU,app_store,organic
u_000332,2024-10-05,DE,app_store,influencer
u_000333,2025-03-28,DE,app_store,influencer
u_000334,2024-04-26,GB,app_store,influencer
u_000335,2025-05-13,IN,app_store,paid_social
u_000336,2025-02-08,MX,app_store,paid_social
u_000337,2024-11-04,MX,play_store,paid_search
u_000338,2024-10-23,GB,app_store,referral
u_000339,2024-06-28,US,play_store,paid_social
u_000340,2025-05-27,IN,play_store,paid_search
u_000341,2024-03-14,GB,play_store,referral
u_000342,2024-01-20,DE,app_store,paid_search
u_000343,2025-08-12,DE,app_store,referral
u_000344,2024-10-23,US,app_store,paid_search
u_000345,2024-06-24,JP,play_store,paid_search
u_000346,2024-03-31,DE,app_store,referral
u_000347,2025-08-26,DE,app_store,paid_search
u_000348,2024-12-13,US,play_store,organic
u_000349,2025-06-06,BR,play_store,paid_social
u_000350,2024-12-23,GB,stripe,paid_social
u_000351,2024-08-29,US,app_store,paid_social
u_000352,2025-09-08,US,play_store,organic
u_000353,2024-06-30,MX,play_store,referral
u_000354,2025-07-31,AU,app_store,influencer
u_000355,2025-10-20,BR,play_store,paid_search
u_000356,2024-06-03,DE,play_store,paid_search
u_000357,2024-10-08,IN,app_store,organic
u_000358,2024-11-13,DE,app_store,paid_search
u_000359,2024-10-20,US,stripe,organic
u_000360,2025-09-21,IN,app_store,influencer
u_000361,2025-07-21,MX,play_store,organic
u_000362,2025-04-05,FR,play_store,paid_social
u_000363,2024-11-25,BR,play_store,organic
u_000364,2025-04-06,US,stripe,paid_search
u_000365,2024-03-27,IN,app_store,paid_social
u_000366,2025-03-24,MX,play_store,influencer
u_000367,2024-06-11,GB,stripe,referral
u_000368,2025-02-22,AU,play_store,organic
u_000369,2025-10-08,BR,app_store,organic
u_000370,2025-07-25,BR,app_store,influencer
u_000371,2024-06-02,GB,play_store,paid_social
u_000372,2024-12-24,GB,play_store,referral
u_000373,2024-05-12,IN,stripe,paid_search
u_000374,2025-07-26,GB,play_store,paid_social
u_000375,2025-11-17,CA,stripe,influencer
u_000376,2024-04-05,BR,app_store,paid_search
u_000377,2024-01-19,GB,app_store,paid_social
u_000378,2024-12-15,MX,play_store,paid_social
u_000379,2024-05-20,US,app_store,organic
u_000380,2025-06-03,AU,stripe,influencer
u_000381,2024-02-08,BR,stripe,influencer
u_000382,2024-05-14,IN,app_store,paid_social
u_000383,2025-12-10,AU,stripe,paid_social
u_000384,2025-03-24,US,app_store,paid_social
u_000385,2025-03-30,BR,play_store,referral
u_000386,2024-08-27,IN,app_store,referral
u_000387,2024-07-17,GB,stripe,referral
u_000388,2025-04-17,AU,play_store,influencer
u_000389,2025-06-24,DE,app_store,paid_social
u_000390,2025-09-11,US,app_store,referral
u_000391,2025-01-15,IN,app_store,influencer
u_000392,2024-05-07,US,play_store,paid_search
u_000393,2025-04-05,FR,app_store,referral
u_000394,2024-04-03,MX,app_store,referral
u_000395,2024-12-23,FR,app_store,referral
u_000396,2025-05-29,GB,app_store,organic
u_000397,2025-01-18,US,app_store,organic
u_000398,2025-10-27,GB,app_store,organic
u_000399,2024-10-20,FR,play_store,paid_social
u_000400,2025-04-25,DE,app_store,organic
u_000401,2024-01-20,US,stripe,influencer
u_000402,2025-09-15,IN,app_store,paid_search
u_000403,2024-08-31,GB,app_store,referral
u_000404,2025-10-16,AU,play_store,organic
u_000405,2025-05-26,IN,app_store,influencer
u_000406,2025-08-11,US,app_store,referral
u_000407,2024-01-02,BR,app_store,referral
u_000408,2024-07-10,BR,app_store,paid_search
u_000409,2024-03-10,MX,play_store,influencer
u_000410,2025-07-21,US,stripe,organic
u_000411,2025-10-12,GB,app_store,organic
u_000412,2024-12-31,AU,app_store,organic
u_000413,2025-08-18,CA,app_store,organic
u_000414,2024-12-26,IN,stripe,paid_social
u_000415,2025-12-02,DE,play_store,paid_social
u_000416,2024-05-18,US,play_store,referral
u_000417,2024-02-07,US,app_store,paid_social
u_000418,2024-02-12,GB,app_store,referral
u_000419,2025-07-10,DE,app_store,paid_social
u_000420,2024-10-19,GB,play_store,paid_search
u_000421,2024-10-06,US,app_store,referral
u_000422,2025-03-26,FR,app_store,paid_social
u_000423,2025-05-23,CA,app_store,influencer
u_000424,2024-09-30,JP,play_store,organic
u_000425,2025-03-16,BR,stripe,influencer
u_000426,2024-10-27,GB,app_store,paid_search
u_000427,2024-11-09,DE,play_store,paid_social
u_000428,2025-12-07,DE,app_store,paid_search
u_000429,2025-09-21,MX,app_store,organic
u_000430,2024-03-17,BR,app_store,influencer
u_000431,2025-11-26,US,app_store,influencer
u_000432,2025-11-25,AU,app_store,organic
u_000433,2024-08-29,AU,app_store,referral
u_000434,2025-08-03,US,app_store,referral
u_000435,2025-01-14,GB,play_store,influencer
u_000436,2024-05-20,IN,app_store,paid_search
u_000437,2024-09-12,MX,app_store,paid_social
u_000438,2025-05-26,IN,stripe,organic
u_000439,2024-09-25,AU,play_store,paid_social
u_000440,2025-09-18,US,stripe,referral
u_000441,2024-07-23,US,stripe,referral
u_000442,2024-06-25,FR,app_store,organic
u_000443,2025-11-29,MX,stripe,paid_search
u_000444,2024-03-07,IN,app_store,paid_search
u_000445,2024-06-10,CA,stripe,paid_social
u_000446,2025-01-05,IN,app_store,paid_social
u_000447,2024-05-22,US,play_store,paid_search
u_000448,2025-07-21,IN,play_store,influencer
u_000449,2024-05-12,BR,app_store,paid_search
u_000450,2025-02-11,MX,play_store,influencer
u_000451,2025-02-24,AU,stripe,organic
u_000452,2024-05-08,MX,play_store,referral
u_000453,2025-04-22,CA,app_store,influencer
u_000454,2025-10-17,IN,play_store,paid_social
u_000455,2025-03-19,IN,stripe,organic
u_000456,2025-06-14,US,app_store,paid_search
u_000457,2024-08-18,GB,stripe,paid_search
u_000458,2024-03-21,US,play_store,influencer
u_000459,2024-10-08,US,app_store,influencer
u_000460,2024-04-05,IN,app_store,influencer
u_000461,2024-06-06,US,play_store,influencer
u_000462,2024-12-11,JP,play_store,organic
u_000463,2024-03-24,US,play_store,influencer
u_000464,2024-09-28,BR,play_store,referral
u_000465,2025-09-24,BR,play_store,influencer
u_000466,2024-10-23,BR,app_store,paid_social
u_000467,2025-12-02,DE,play_store,organic
u_000468,2024-06-10,DE,play_store,paid_social
u_000469,2024-12-14,BR,app_store,paid_search
u_000470,2024-12-19,MX,app_store,paid_search
u_000471,2025-06-11,IN,app_store,referral
u_000472,2024-05-05,US,app_store,organic
u_000473,2024-02-21,US,app_store,influencer
u_000474,2025-03-04,US,stripe,paid_social
u_000475,2024-12-01,FR,play_store,paid_social
u_000476,2024-06-12,IN,play_store,referral
u_000477,2024-11-11,IN,app_store,referral
u_000478,2025-06-01,DE,app_store,influencer
u_000479,2024-12-27,US,app_store,influencer
u_000480,2025-10-31,BR,app_store,organic
u_000481,2024-04-20,DE,stripe,paid_search
u_000482,2025-02-16,GB,app_store,influencer
u_000483,2025-07-29,US,play_store,organic
u_000484,2025-01-30,IN,play_store,paid_search
u_000485,2025-09-30,CA,app_store,organic
u_000486,2025-02-07,GB,stripe,influencer
u_000487,2025-01-09,AU,app_store,influencer
u_000488,2025-02-15,IN,app_store,paid_social
u_000489,2024-12-07,JP,play_store,paid_social
u_000490,2025-09-12,FR,app_store,influencer
u_000491,2024-11-22,US,stripe,paid_search
u_000492,2025-08-30,GB,stripe,influencer
u_000493,2025-05-16,CA,app_store,organic
u_000494,2025-01-12,GB,app_store,referral
u_000495,2025-08-20,GB,stripe,organic
u_000496,2025-09-03,DE,stripe,influencer
u_000497,2025-08-14,US,app_store,referral
u_000498,2024-06-23,IN,play_store,referral
u_000499,2024-05-31,JP,app_store,influencer
u_000500,2024-04-22,US,app_store,referral
u_000501,2024-06-04,DE,app_store,influencer
u_000502,2025-09-18,FR,stripe,organic
u_000503,2024-05-21,IN,play_store,referral
u_000504,2025-06-22,GB,stripe,referral
u_000505,2025-06-29,GB,app_store,paid_search
u_000506,2025-09-16,IN,stripe,paid_search
u_000507,2025-07-25,US,stripe,paid_search
u_000508,2024-10-22,CA,play_store,referral
u_000509,2024-11-20,DE,play_store,paid_search
u_000510,2024-10-21,US,play_store,referral
u_000511,2025-02-08,JP,stripe,paid_social
u_000512,2024-10-24,US,stripe,organic
u_000513,2024-12-20,FR,play_store,referral
u_000514,2024-08-07,US,play_store,influencer
u_000515,2025-12-13,US,app_store,influencer
u_000516,2024-09-02,US,play_store,influencer
u_000517,2024-08-19,BR,app_store,referral
u_000518,2024-12-04,CA,app_store,paid_social
u_000519,2024-01-06,MX,stripe,paid_social
u_000520,2025-02-20,BR,stripe,referral
u_000521,2025-05-03,BR,play_store,paid_search
u_000522,2024-11-24,US,app_store,organic
u_000523,2025-10-29,IN,play_store,organic
u_000524,2024-06-28,DE,stripe,organic
u_000525,2025-02-10,AU,app_store,paid_search
u_000526,2024-02-08,US,play_store,organic
u_000527,2024-12-09,US,stripe,influencer
u_000528,2025-06-20,IN,stripe,influencer
u_000529,2025-04-24,US,stripe,paid_search
u_000530,2024-06-15,CA,play_store,paid_social
u_000531,2024-01-15,CA,play_store,influencer
u_000532,2025-11-21,AU,app_store,referral
u_000533,2025-03-13,IN,app_store,organic
u_000534,2024-07-08,MX,play_store,paid_social
u_000535,2024-01-07,US,app_store,paid_search
u_000536,2024-12-03,GB,play_store,organic
u_000537,2024-09-24,BR,play_store,organic
u_000538,2025-11-14,US,app_store,referral
u_000539,2025-12-03,IN,stripe,paid_search
u_000540,2025-12-07,US,stripe,paid_search
u_000541,2025-01-11,BR,app_store,paid_social
u_000542,2025-05-04,US,play_store,influencer
u_000543,2025-01-17,DE,play_store,referral
u_000544,2025-07-04,JP,stripe,paid_social
u_000545,2025-11-27,AU,stripe,organic
u_000546,2025-06-22,DE,play_store,organic
u_000547,2025-07-31,US,stripe,influencer
u_000548,2024-07-26,IN,app_store,paid_search
u_000549,2025-06-16,DE,play_store,influencer
u_000550,2025-05-15,US,play_store,organic
u_000551,2025-04-09,US,app_store,influencer
u_000552,2024-02-29,IN,play_store,paid_search
u_000553,2024-01-23,GB,stripe,paid_social
u_000554,2025-08-15,US,app_store,organic
u_000555,2025-07-08,MX,stripe,organic
u_000556,2025-04-28,US,app_store,paid_social
u_000557,2025-10-18,MX,play_store,referral
u_000558,2025-01-18,MX,app_store,referral
u_000559,2025-01-19,US,stripe,influencer
u_000560,2024-05-16,BR,app_store,paid_social
u_000561,2025-07-04,GB,app_store,paid_social
u_000562,2024-01-04,AU,stripe,referral
u_000563,2025-11-20,CA,app_store,referral
u_000564,2024-08-23,US,app_store,paid_search
u_000565,2024-07-12,FR,play_store,organic
u_000566,2024-02-02,JP,app_store,organic
u_000567,2024-09-03,US,app_store,organic
u_000568,2025-04-02,IN,play_store,organic
u_000569,2024-09-07,AU,app_store,paid_social
u_000570,2025-07-06,US,stripe,organic
u_000571,2024-05-23,IN,app_store,influencer
u_000572,2024-11-22,IN,play_store,paid_search
u_000573,2024-08-30,GB,app_store,influencer
u_000574,2024-08-14,DE,app_store,influencer
u_000575,2025-08-28,FR,stripe,referral
u_000576,2025-07-23,IN,stripe,referral
u_000577,2025-06-21,GB,app_store,paid_social
u_000578,2024-11-03,GB,play_store,referral
u_000579,2024-09-03,JP,app_store,paid_social
u_000580,2025-04-19,FR,play_store,referral
u_000581,2025-07-24,IN,app_store,paid_search
u_000582,2024-07-27,GB,app_store,referral
u_000583,2025-01-14,US,play_store,paid_social
u_000584,2024-02-22,US,play_store,influencer
u_000585,2024-02-10,FR,app_store,influencer
u_000586,2025-11-18,IN,play_store,paid_search
u_000587,2024-11-06,MX,app_store,paid_social
u_000588,2024-04-30,AU,play_store,paid_social
u_000589,2025-12-13,BR,app_store,paid_social
u_000590,2025-07-19,GB,app_store,referral
u_000591,2025-06-30,BR,app_store,paid_search
u_000592,2025-06-09,FR,play_store,referral
u_000593,2024-11-23,FR,app_store,referral
u_000594,2024-02-16,IN,app_store,paid_social
u_000595,2024-01-17,US,stripe,influencer
u_000596,2025-03-03,US,app_store,paid_social
u_000597,2025-01-23,IN,app_store,influencer
u_000598,2025-11-01,MX,app_store,referral
u_000599,2025-10-19,CA,play_store,paid_search
u_000600,2024-06-22,US,play_store,paid_social
u_000601,2025-07-09,MX,stripe,influencer
u_000602,2024-02-04,JP,app_store,organic
u_000603,2024-01-07,DE,stripe,paid_social
u_000604,2024-03-10,CA,app_store,influencer
u_000605,2025-04-11,GB,play_store,influencer
u_000606,2025-05-09,BR,app_store,influencer
u_000607,2025-07-18,DE,app_store,paid_search
u_000608,2025-07-02,MX,app_store,referral
u_000609,2024-07-02,US,app_store,paid_social
u_000610,2024-09-03,US,play_store,paid_search
u_000611,2024-09-30,AU,app_store,referral
u_000612,2025-04-15,IN,stripe,paid_social
u_000613,2024-11-03,CA,stripe,organic
u_000614,2024-04-05,DE,app_store,referral
u_000615,2024-02-27,BR,play_store,organic
u_000616,2025-05-26,JP,play_store,paid_search
u_000617,2025-08-02,MX,stripe,influencer
u_000618,2024-02-13,US,stripe,influencer
u_000619,2025-05-01,US,stripe,paid_search
u_000620,2025-07-10,IN,app_store,paid_search
u_000621,2024-01-17,MX,play_store,referral
u_000622,2024-03-19,US,play_store,influencer
u_000623,2025-02-02,BR,play_store,referral
u_000624,2024-05-23,AU,play_store,organic
u_000625,2025-05-27,AU,app_store,organic
u_000626,2025-03-23,US,app_store,influencer
u_000627,2025-09-20,MX,app_store,paid_search
u_000628,2024-01-31,BR,play_store,referral
u_000629,2025-05-17,US,play_store,referral
u_000630,2025-03-18,US,play_store,referral
u_000631,2024-03-28,AU,app_store,paid_social
u_000632,2024-03-16,US,app_store,paid_social
u_000633,2025-02-02,GB,app_store,organic
u_000634,2024-11-11,DE,play_store,organic
u_000635,2024-05-15,US,app_store,influencer
u_000636,2025-07-22,IN,app_store,organic
u_000637,2024-12-28,IN,play_store,paid_search
u_000638,2025-01-29,US,app_store,organic
u_000639,2025-07-26,FR,stripe,influencer
u_000640,2025-06-17,US,app_store,paid_social
u_000641,2024-10-02,GB,play_store,organic
u_000642,2024-06-20,DE,app_store,referral
u_000643,2024-03-19,GB,stripe,referral
u_000644,2025-08-31,BR,play_store,paid_social
u_000645,2024-11-07,US,app_store,influencer
u_000646,2025-01-24,JP,app_store,paid_search
u_000647,2025-03-16,JP,stripe,influencer
u_000648,2024-05-19,GB,play_store,paid_social
u_000649,2025-05-05,GB,stripe,paid_search
u_000650,2024-10-25,CA,play_store,influencer
u_000651,2024-09-05,GB,app_store,referral
u_000652,2025-01-08,US,play_store,influencer
u_000653,2025-07-12,US,play_store,organic
u_000654,2025-04-17,MX,app_store,paid_search
u_000655,2025-12-10,US,stripe,referral
u_000656,2025-11-20,IN,play_store,paid_social
u_000657,2024-09-15,BR,play_store,referral
u_000658,2024-03-16,DE,play_store,influencer
u_000659,2025-02-14,IN,stripe,referral
u_000660,2025-07-10,US,stripe,influencer
u_000661,2025-08-31,BR,app_store,paid_social
u_000662,2025-11-04,BR,app_store,influencer
u_000663,2024-02-15,IN,play_store,referral
u_000664,2024-12-05,MX,app_store,organic
u_000665,2024-04-10,US,play_store,influencer
u_000666,2025-07-25,IN,play_store,referral
u_000667,2025-01-18,GB,play_store,influencer
u_000668,2025-12-08,IN,app_store,organic
u_000669,2025-05-09,US,app_store,organic
u_000670,2024-04-28,JP,play_store,paid_search
u_000671,2024-11-15,GB,play_store,influencer
u_000672,2025-05-09,GB,app_store,referral
u_000673,2024-11-22,US,app_store,organic
u_000674,2024-01-24,JP,play_store,paid_social
u_000675,2024-09-06,IN,play_store,paid_search
u_000676,2025-07-27,DE,play_store,referral
u_000677,2025-10-06,US,play_store,referral
u_000678,2025-02-09,US,play_store,paid_social
u_000679,2025-04-05,IN,app_store,paid_social
u_000680,2024-07-29,US,play_store,organic
u_000681,2025-08-14,US,stripe,paid_social
u_000682,2025-01-09,GB,play_store,paid_search
u_000683,2025-11-17,FR,play_store,paid_search
u_000684,2025-09-03,GB,app_store,organic
u_000685,2024-12-22,GB,play_store,paid_social
u_000686,2025-11-20,CA,app_store,influencer
u_000687,2025-08-27,US,app_store,organic
u_000688,2024-09-01,GB,app_store,paid_social
u_000689,2025-06-07,GB,play_store,influencer
u_000690,2025-01-27,DE,play_store,influencer
u_000691,2025-12-11,FR,stripe,paid_social
u_000692,2025-07-22,US,app_store,paid_social
u_000693,2024-11-18,JP,play_store,paid_search
u_000694,2024-01-10,IN,app_store,referral
u_000695,2025-07-29,IN,play_store,referral
u_000696,2025-03-01,CA,app_store,paid_social
u_000697,2024-03-25,IN,play_store,paid_social
u_000698,2024-10-26,US,app_store,paid_search
u_000699,2024-06-21,AU,play_store,referral
u_000700,2025-07-16,IN,play_store,paid_search
u_000701,2025-07-10,JP,app_store,organic
u_000702,2025-03-27,IN,stripe,organic
u_000703,2025-10-31,AU,app_store,organic
u_000704,2025-04-05,US,stripe,organic
u_000705,2025-03-25,FR,app_store,paid_social
u_000706,2024-08-02,JP,play_store,paid_search
u_000707,2025-09-16,BR,app_store,paid_social
u_000708,2024-07-30,JP,stripe,influencer
u_000709,2024-12-25,IN,play_store,paid_social
u_000710,2024-11-27,MX,app_store,influencer
u_000711,2024-09-30,MX,play_store,organic
u_000712,2024-05-18,MX,play_store,organic
u_000713,2024-10-10,FR,app_store,paid_social
u_000714,2024-09-12,US,app_store,paid_social
u_000715,2025-11-23,GB,app_store,paid_search
u_000716,2025-10-04,DE,play_store,organic
u_000717,2025-02-16,IN,app_store,paid_search
u_000718,2025-04-10,MX,app_store,organic
u_000719,2024-04-05,CA,play_store,paid_search
u_000720,2024-03-05,AU,app_store,referral
u_000721,2024-08-04,IN,app_store,paid_search
u_000722,2024-12-11,IN,app_store,referral
u_000723,2024-12-17,FR,play_store,organic
u_000724,2024-04-11,BR,stripe,organic
u_000725,2024-05-07,FR,app_store,referral
u_000726,2024-01-01,MX,app_store,paid_social
u_000727,2025-10-27,GB,stripe,paid_search
u_000728,2024-04-05,BR,app_store,paid_search
u_000729,2025-11-11,FR,app_store,referral
u_000730,2025-10-02,GB,play_store,paid_social
u_000731,2025-03-15,BR,play_store,organic
u_000732,2024-08-06,DE,app_store,paid_social
u_000733,2025-06-15,BR,app_store,paid_search
u_000734,2024-05-03,MX,app_store,paid_social
u_000735,2025-05-04,US,app_store,organic
u_000736,2024-04-15,GB,stripe,paid_social
u_000737,2025-01-26,AU,play_store,paid_social
u_000738,2025-10-18,MX,app_store,influencer
u_000739,2025-07-30,US,play_store,referral
u_000740,2024-12-25,CA,play_store,paid_social
u_000741,2025-02-25,BR,app_store,paid_social
u_000742,2024-03-29,FR,app_store,organic
u_000743,2025-08-26,CA,app_store,referral
u_000744,2024-11-18,AU,app_store,organic
u_000745,2024-09-11,IN,play_store,influencer
u_000746,2024-10-18,AU,play_store,paid_search
u_000747,2024-07-29,IN,play_store,referral
u_000748,2024-10-29,BR,play_store,paid_social
u_000749,2025-05-21,GB,app_store,influencer
u_000750,2024-03-13,IN,stripe,paid_search
u_000751,2024-11-20,US,stripe,influencer
u_000752,2025-03-06,GB,play_store,referral
u_000753,2024-03-15,US,app_store,paid_search
u_000754,2024-08-08,US,app_store,referral
u_000755,2025-06-02,US,play_store,referral
u_000756,2025-03-09,CA,app_store,influencer
u_000757,2025-07-04,BR,app_store,paid_search
u_000758,2024-03-21,IN,app_store,paid_social
u_000759,2025-07-03,GB,play_store,organic
u_000760,2024-11-13,CA,play_store,paid_social
u_000761,2024-02-29,US,stripe,organic
u_000762,2025-04-09,BR,app_store,paid_social
u_000763,2024-05-02,US,app_store,organic
u_000764,2024-06-16,IN,app_store,influencer
u_000765,2024-09-22,US,app_store,paid_search
u_000766,2024-04-30,AU,app_store,referral
u_000767,2024-10-05,IN,app_store,influencer
u_000768,2025-10-04,US,play_store,paid_search
u_000769,2024-02-26,IN,play_store,paid_search
u_000770,2024-06-10,US,app_store,influencer
u_000771,2025-11-21,CA,app_store,influencer
u_000772,2024-01-03,US,stripe,paid_social
u_000773,2024-02-17,DE,app_store,paid_social
u_000774,2024-07-02,FR,stripe,influencer
u_000775,2025-11-02,DE,app_store,referral
u_000776,2024-11-23,US,app_store,paid_search
u_000777,2024-05-02,IN,stripe,paid_social
u_000778,2024-08-16,JP,stripe,referral
u_000779,2024-03-11,FR,stripe,paid_search
u_000780,2024-12-01,US,play_store,paid_search
u_000781,2024-07-24,US,play_store,influencer
u_000782,2024-09-05,DE,play_store,referral
u_000783,2024-07-19,CA,play_store,paid_social
u_000784,2024-06-03,US,app_store,paid_social
u_000785,2025-07-08,GB,stripe,organic
u_000786,2024-12-09,US,play_store,paid_search
u_000787,2024-04-16,US,stripe,referral
u_000788,2025-05-18,MX,stripe,paid_social
u_000789,2024-10-13,US,stripe,influencer
u_000790,2025-02-26,CA,app_store,organic
u_000791,2025-08-17,US,app_store,referral
u_000792,2024-03-17,IN,app_store,paid_social
u_000793,2024-08-30,US,stripe,referral
u_000794,2024-11-30,GB,app_store,organic
u_000795,2024-07-26,US,play_store,organic
u_000796,2024-06-08,US,app_store,paid_search
u_000797,2025-02-20,US,app_store,paid_social
u_000798,2025-04-07,GB,app_store,organic
u_000799,2024-04-02,US,play_store,influencer
u_000800,2024-02-11,US,stripe,paid_social
u_000801,2024-04-03,CA,stripe,referral
u_000802,2025-06-09,US,app_store,paid_social
u_000803,2024-02-01,MX,stripe,influencer
u_000804,2025-07-17,US,play_store,paid_social
u_000805,2024-05-04,US,stripe,paid_social
u_000806,2024-05-13,US,app_store,organic
u_000807,2025-08-19,IN,stripe,organic
u_000808,2024-01-23,MX,app_store,referral
u_000809,2024-05-11,US,stripe,paid_search
u_000810,2024-05-05,US,play_store,paid_social
u_000811,2025-08-10,DE,play_store,referral
u_000812,2024-01-31,GB,app_store,paid_search
u_000813,2024-08-07,FR,app_store,referral
u_000814,2024-06-01,US,play_store,paid_social
u_000815,2025-10-24,US,app_store,influencer
u_000816,2025-05-05,US,app_store,paid_social
u_000817,2025-03-05,US,stripe,influencer
u_000818,2024-09-12,BR,stripe,organic
u_000819,2025-01-26,AU,app_store,influencer
u_000820,2025-05-11,GB,play_store,paid_search
u_000821,2025-02-01,US,app_store,influencer
u_000822,2024-08-12,US,stripe,paid_search
u_000823,2024-02-29,JP,play_store,paid_search
u_000824,2025-08-21,MX,stripe,organic
u_000825,2024-09-10,BR,app_store,organic
u_000826,2024-08-12,IN,stripe,referral
u_000827,2024-12-29,FR,stripe,paid_social
u_000828,2024-06-29,US,app_store,paid_search
u_000829,2025-08-28,US,play_store,influencer
u_000830,2025-07-31,US,stripe,referral
u_000831,2025-07-09,GB,play_store,organic
u_000832,2024-02-27,US,app_store,influencer
u_000833,2025-05-04,US,stripe,paid_social
u_000834,2024-05-13,GB,app_store,paid_search
u_000835,2024-03-01,US,play_store,paid_social
u_000836,2024-04-23,JP,stripe,organic
u_000837,2025-01-17,CA,play_store,influencer
u_000838,2024-04-13,GB,app_store,paid_social
u_000839,2025-03-23,AU,stripe,paid_search
u_000840,2024-06-27,CA,play_store,influencer
u_000841,2024-12-31,US,play_store,paid_social
u_000842,2025-01-22,GB,play_store,paid_social
u_000843,2024-06-30,CA,stripe,influencer
u_000844,2025-02-04,JP,play_store,influencer
u_000845,2024-02-03,US,app_store,influencer
u_000846,2024-08-14,BR,app_store,referral
u_000847,2024-05-24,GB,app_store,paid_search
u_000848,2024-11-23,US,stripe,organic
u_000849,2025-11-17,BR,stripe,referral
u_000850,2024-01-12,US,app_store,organic
u_000851,2024-12-24,US,app_store,organic
u_000852,2024-02-19,GB,play_store,paid_social
u_000853,2025-02-27,IN,app_store,influencer
u_000854,2025-01-19,US,play_store,influencer
u_000855,2025-10-28,AU,app_store,referral
u_000856,2024-03-16,AU,app_store,organic
u_000857,2024-11-22,US,app_store,paid_search
u_000858,2024-06-23,FR,app_store,organic
u_000859,2025-07-14,MX,stripe,paid_search
u_000860,2025-08-31,MX,stripe,organic
u_000861,2025-03-17,MX,app_store,referral
u_000862,2024-06-09,US,app_store,paid_social
u_000863,2025-02-23,CA,play_store,influencer
u_000864,2024-09-28,BR,app_store,organic
u_000865,2024-02-20,GB,play_store,referral
u_000866,2024-06-06,US,app_store,organic
u_000867,2024-10-28,JP,play_store,referral
u_000868,2024-07-23,US,app_store,paid_search
u_000869,2024-03-24,DE,app_store,referral
u_000870,2025-04-27,IN,play_store,organic
u_000871,2025-10-19,IN,app_store,referral
u_000872,2025-01-13,US,app_store,referral
u_000873,2025-04-21,US,stripe,influencer
u_000874,2024-03-04,US,play_store,organic
u_000875,2024-03-28,BR,stripe,referral
u_000876,2025-08-26,US,app_store,referral
u_000877,2025-06-19,DE,play_store,referral
u_000878,2025-08-09,FR,play_store,organic
u_000879,2025-02-08,FR,play_store,influencer
u_000880,2025-08-07,FR,stripe,influencer
u_000881,2024-05-30,US,play_store,paid_social
u_000882,2024-06-20,MX,stripe,paid_social
u_000883,2024-02-13,DE,stripe,referral
u_000884,2024-07-25,MX,play_store,influencer
u_000885,2024-09-21,GB,play_store,organic
u_000886,2024-03-30,GB,app_store,paid_search
u_000887,2024-10-09,IN,stripe,organic
u_000888,2025-09-30,IN,play_store,organic
u_000889,2025-02-28,US,play_store,influencer
u_000890,2024-04-12,FR,play_store,organic
u_000891,2024-10-19,FR,stripe,referral
u_000892,2024-09-27,GB,play_store,influencer
u_000893,2025-04-29,US,app_store,paid_social
u_000894,2025-09-25,BR,play_store,organic
u_000895,2025-02-09,FR,app_store,paid_social
u_000896,2024-02-20,AU,stripe,paid_search
u_000897,2024-01-21,GB,play_store,paid_search
u_000898,2024-10-14,JP,stripe,organic
u_000899,2024-08-21,US,stripe,referral
u_000900,2024-11-24,US,app_store,organic
u_000901,2024-07-11,DE,stripe,referral
u_000902,2025-05-11,AU,stripe,organic
u_000903,2025-06-11,AU,app_store,influencer
u_000904,2025-02-17,US,stripe,influencer
u_000905,2024-01-30,US,stripe,paid_social
u_000906,2024-02-29,US,play_store,paid_search
u_000907,2024-07-22,US,stripe,influencer
u_000908,2025-02-10,BR,app_store,organic
u_000909,2024-09-04,GB,play_store,paid_social
u_000910,2025-04-30,IN,app_store,paid_social
u_000911,2024-09-21,AU,play_store,paid_search
u_000912,2024-01-29,GB,app_store,influencer
u_000913,2024-08-07,JP,play_store,paid_social
u_000914,2024-10-02,BR,play_store,organic
u_000915,2025-04-30,FR,play_store,influencer
u_000916,2024-01-09,US,play_store,paid_search
u_000917,2025-10-20,US,stripe,paid_search
u_000918,2025-04-15,US,play_store,influencer
u_000919,2025-09-30,GB,app_store,influencer
u_000920,2025-11-09,MX,stripe,influencer
u_000921,2025-10-24,IN,app_store,organic
u_000922,2025-05-08,US,stripe,paid_search
u_000923,2024-10-10,US,play_store,paid_search
u_000924,2024-07-11,US,play_store,organic
u_000925,2025-09-06,DE,app_store,paid_social
u_000926,2024-01-27,BR,stripe,paid_search
u_000927,2025-03-04,DE,play_store,influencer
u_000928,2025-08-08,JP,app_store,paid_social
u_000929,2025-12-03,IN,play_store,paid_search
u_000930,2025-06-03,GB,app_store,influencer
u_000931,2024-07-04,US,play_store,paid_search
u_000932,2025-07-26,AU,app_store,paid_search
u_000933,2025-11-01,US,app_store,paid_search
u_000934,2025-03-06,AU,app_store,paid_search
u_000935,2025-08-22,US,stripe,referral
u_000936,2024-02-24,FR,play_store,influencer
u_000937,2024-03-13,DE,app_store,organic
u_000938,2025-11-28,GB,app_store,organic
u_000939,2024-06-03,US,app_store,referral
u_000940,2025-08-06,FR,stripe,paid_social
u_000941,2024-11-19,FR,app_store,organic
u_000942,2025-05-14,GB,stripe,paid_search
u_000943,2025-10-11,US,play_store,paid_social
u_000944,2024-06-21,IN,app_store,organic
u_000945,2024-05-12,BR,play_store,referral
u_000946,2025-03-15,MX,app_store,organic
u_000947,2025-06-30,US,app_store,organic
u_000948,2024-11-25,AU,play_store,organic
u_000949,2025-11-23,US,play_store,paid_social
u_000950,2025-12-11,FR,app_store,organic
u_000951,2025-01-27,IN,app_store,organic
u_000952,2024-02-16,US,app_store,influencer
u_000953,2025-09-02,IN,app_store,paid_social
u_000954,2024-12-16,MX,play_store,paid_social
u_000955,2024-06-17,MX,stripe,referral
u_000956,2024-01-20,US,play_store,paid_social
u_000957,2024-08-04,CA,play_store,paid_social
u_000958,2024-05-06,GB,play_store,organic
u_000959,2025-01-19,FR,app_store,influencer
u_000960,2025-09-30,US,stripe,organic
u_000961,2025-10-31,JP,app_store,organic
u_000962,2025-03-02,DE,app_store,paid_search
u_000963,2025-04-30,CA,app_store,organic
u_000964,2024-11-04,DE,app_store,influencer
u_000965,2024-10-03,BR,play_store,referral
u_000966,2024-04-17,IN,play_store,paid_search
u_000967,2024-04-26,AU,play_store,influencer
u_000968,2024-07-23,AU,stripe,paid_social
u_000969,2025-01-01,CA,app_store,organic
u_000970,2025-07-15,IN,app_store,referral
u_000971,2024-12-04,US,app_store,organic
u_000972,2024-04-23,JP,play_store,paid_social
u_000973,2024-04-02,AU,app_store,organic
u_000974,2024-09-19,BR,play_store,paid_search
u_000975,2024-09-27,DE,app_store,paid_social
u_000976,2024-02-10,JP,app_store,paid_search
u_000977,2025-03-12,CA,app_store,organic
u_000978,2024-01-10,JP,play_store,paid_social
u_000979,2024-12-02,GB,app_store,influencer
u_000980,2024-10-01,FR,app_store,paid_search
u_000981,2024-07-06,US,app_store,referral
u_000982,2024-10-05,JP,play_store,referral
u_000983,2025-03-07,BR,play_store,organic
u_000984,2024-05-15,CA,app_store,paid_social
u_000985,2024-04-16,DE,play_store,influencer
u_000986,2025-11-25,DE,play_store,paid_search
u_000987,2025-09-18,US,play_store,paid_social
u_000988,2025-05-09,FR,app_store,referral
u_000989,2025-03-27,US,app_store,paid_search
u_000990,2024-01-13,CA,play_store,influencer
u_000991,2025-08-01,US,stripe,paid_search
u_000992,2025-06-15,IN,play_store,organic
u_000993,2025-03-19,BR,app_store,paid_search
u_000994,2025-11-10,BR,app_store,influencer
u_000995,2025-09-19,US,play_store,paid_social
u_000996,2025-06-01,JP,stripe,paid_social
u_000997,2024-03-17,AU,app_store,paid_search
u_000998,2024-10-11,US,app_store,referral
u_000999,2025-02-16,JP,app_store,referral
u_001000,2025-08-09,DE,stripe,referral
u_001001,2024-11-19,US,play_store,organic
u_001002,2024-04-15,DE,app_store,influencer
u_001003,2024-01-01,JP,play_store,influencer
u_001004,2025-10-14,GB,play_store,paid_social
u_001005,2025-11-01,BR,stripe,paid_search
u_001006,2024-02-25,JP,stripe,paid_search
u_001007,2025-07-27,AU,play_store,paid_search
u_001008,2025-04-08,US,play_store,paid_social
u_001009,2024-01-03,GB,stripe,paid_search
u_001010,2025-07-14,IN,play_store,organic
u_001011,2024-06-17,IN,stripe,referral
u_001012,2024-04-19,US,app_store,organic
u_001013,2025-02-06,US,stripe,paid_social
u_001014,2024-12-12,US,app_store,influencer
u_001015,2024-05-06,AU,play_store,influencer
u_001016,2025-05-31,US,play_store,influencer
u_001017,2024-02-19,IN,app_store,influencer
u_001018,2025-05-09,FR,play_store,paid_social
u_001019,2025-12-09,IN,play_store,paid_social
u_001020,2024-04-16,GB,play_store,paid_search
u_001021,2025-05-31,FR,app_store,influencer
u_001022,2025-12-10,AU,app_store,paid_search
u_001023,2024-10-28,DE,app_store,referral
u_001024,2025-09-08,CA,play_store,paid_search
u_001025,2025-07-14,FR,play_store,influencer
u_001026,2025-10-09,US,app_store,paid_search
u_001027,2025-12-04,GB,play_store,paid_social
u_001028,2025-05-30,IN,play_store,organic
u_001029,2024-12-26,IN,play_store,referral
u_001030,2025-11-21,AU,stripe,paid_search
u_001031,2025-03-08,JP,play_store,organic
u_001032,2025-01-25,US,play_store,paid_social
u_001033,2024-09-30,AU,app_store,paid_search
u_001034,2025-11-30,US,stripe,paid_search
u_001035,2024-07-27,AU,app_store,referral
u_001036,2024-04-14,BR,play_store,influencer
u_001037,2024-08-17,AU,play_store,paid_social
u_001038,2025-06-07,AU,play_store,paid_search
u_001039,2025-12-10,BR,stripe,referral
u_001040,2025-03-02,MX,stripe,paid_search
u_001041,2025-07-19,US,play_store,paid_social
u_001042,2025-09-27,FR,stripe,referral
u_001043,2024-08-18,FR,play_store,paid_search
u_001044,2025-08-25,IN,play_store,paid_social
u_001045,2024-10-28,DE,stripe,organic
u_001046,2024-07-10,MX,play_store,organic
u_001047,2025-01-21,US,app_store,paid_search
u_001048,2024-05-13,US,stripe,organic
u_001049,2024-12-04,DE,stripe,organic
u_001050,2024-06-06,FR,play_store,influencer
u_001051,2025-11-08,GB,play_store,influencer
u_001052,2025-01-01,US,play_store,influencer
u_001053,2024-08-13,MX,play_store,influencer
u_001054,2024-06-12,DE,play_store,organic
u_001055,2024-12-23,US,app_store,paid_search
u_001056,2024-12-05,GB,app_store,influencer
u_001057,2025-06-27,DE,play_store,organic
u_001058,2024-04-27,BR,app_store,influencer
u_001059,2025-09-28,US,app_store,paid_search
u_001060,2025-01-25,FR,stripe,referral
u_001061,2024-09-19,IN,app_store,influencer
u_001062,2025-01-18,IN,play_store,referral
u_001063,2024-02-14,US,play_store,paid_search
u_001064,2025-06-10,US,app_store,influencer
u_001065,2025-06-30,US,app_store,paid_social
u_001066,2025-12-02,DE,app_store,influencer
u_001067,2025-03-21,BR,stripe,paid_social
u_001068,2024-01-25,DE,app_store,organic
u_001069,2024-03-16,US,play_store,influencer
u_001070,2024-03-13,IN,app_store,paid_search
u_001071,2025-02-21,GB,play_store,referral
u_001072,2024-11-19,US,play_store,influencer
u_001073,2024-01-07,BR,play_store,influencer
u_001074,2024-02-16,CA,app_store,influencer
u_001075,2024-04-18,US,play_store,influencer
u_001076,2024-03-29,US,stripe,referral
u_001077,2025-02-08,JP,app_store,paid_social
u_001078,2025-06-30,US,play_store,influencer
u_001079,2024-10-29,MX,app_store,paid_search
u_001080,2024-01-12,IN,play_store,organic
u_001081,2024-02-12,US,play_store,influencer
u_001082,2025-07-14,MX,app_store,paid_search
u_001083,2024-08-04,DE,play_store,influencer
u_001084,2024-05-25,US,app_store,paid_search
u_001085,2024-07-17,US,play_store,influencer
u_001086,2024-02-25,JP,stripe,influencer
u_001087,2025-04-17,BR,app_store,organic
u_001088,2024-09-13,US,play_store,referral
u_001089,2024-12-04,GB,play_store,paid_social
u_001090,2024-04-12,US,app_store,paid_social
u_001091,2024-11-21,IN,app_store,paid_search
u_001092,2025-12-11,IN,play_store,paid_search
u_001093,2024-11-19,MX,app_store,paid_search
u_001094,2024-09-09,AU,play_store,referral
u_001095,2024-10-10,JP,app_store,paid_search
u_001096,2025-05-06,DE,app_store,paid_search
u_001097,2025-05-13,IN,app_store,influencer
u_001098,2024-03-24,JP,stripe,paid_social
u_001099,2025-07-05,US,play_store,organic
u_001100,2024-03-18,FR,stripe,organic
u_001101,2025-08-18,IN,play_store,paid_social
u_001102,2024-02-07,IN,play_store,influencer
u_001103,2025-04-28,BR,app_store,referral
u_001104,2024-08-16,FR,play_store,paid_search
u_001105,2024-05-17,DE,play_store,referral
u_001106,2025-01-07,IN,play_store,influencer
u_001107,2025-12-01,US,play_store,referral
u_001108,2024-06-12,US,stripe,paid_social
u_001109,2025-05-10,FR,app_store,referral
u_001110,2024-08-25,US,app_store,organic
u_001111,2025-11-15,US,stripe,paid_search
u_001112,2025-02-01,DE,play_store,organic
u_001113,2024-02-10,MX,app_store,influencer
u_001114,2025-10-10,JP,stripe,paid_search
u_001115,2025-08-15,IN,app_store,referral
u_001116,2025-01-09,IN,stripe,organic
u_001117,2025-06-13,US,stripe,paid_social
u_001118,2025-06-12,DE,stripe,paid_search
u_001119,2025-05-13,AU,stripe,organic
u_001120,2025-05-28,FR,app_store,paid_social
u_001121,2024-03-19,IN,app_store,paid_social
u_001122,2024-07-10,US,play_store,organic
u_001123,2025-11-07,US,stripe,organic
u_001124,2025-05-08,BR,play_store,influencer
u_001125,2024-06-14,BR,app_store,paid_social
u_001126,2024-02-14,US,play_store,paid_social
u_001127,2025-10-06,IN,stripe,paid_social
u_001128,2024-02-27,US,stripe,influencer
u_001129,2025-02-19,IN,play_store,organic
u_001130,2025-11-08,JP,stripe,paid_social
u_001131,2025-04-04,BR,play_store,referral
u_001132,2024-06-23,US,app_store,paid_social
u_001133,2025-08-19,JP,app_store,influencer
u_001134,2024-09-27,US,play_store,referral
u_001135,2025-09-02,IN,app_store,referral
u_001136,2024-05-15,US,app_store,influencer
u_001137,2025-12-01,DE,app_store,organic
u_001138,2024-06-30,DE,play_store,organic
u_001139,2025-06-28,IN,app_store,referral
u_001140,2025-11-06,US,play_store,organic
u_001141,2025-11-25,BR,play_store,paid_search
u_001142,2024-02-14,CA,app_store,referral
u_001143,2025-01-25,GB,stripe,influencer
u_001144,2024-04-10,DE,app_store,paid_social
u_001145,2024-03-26,US,stripe,referral
u_001146,2024-09-20,US,play_store,organic
u_001147,2025-08-14,IN,play_store,referral
u_001148,2025-11-01,US,stripe,referral
u_001149,2025-01-05,US,app_store,influencer
u_001150,2024-09-16,US,play_store,influencer
u_001151,2025-01-09,BR,stripe,referral
u_001152,2024-07-27,DE,play_store,referral
u_001153,2024-07-02,GB,play_store,paid_search
u_001154,2024-11-10,IN,play_store,referral
u_001155,2024-05-21,JP,play_store,paid_social
u_001156,2025-04-02,AU,stripe,organic
u_001157,2024-08-07,IN,play_store,influencer
u_001158,2025-09-20,CA,play_store,paid_social
u_001159,2025-02-02,MX,app_store,organic
u_001160,2024-05-28,DE,play_store,organic
u_001161,2024-03-06,US,app_store,influencer
u_001162,2024-02-08,CA,stripe,referral
u_001163,2025-09-20,BR,app_store,influencer
u_001164,2024-02-28,MX,stripe,referral
u_001165,2025-03-25,US,stripe,influencer
u_001166,2024-10-19,US,play_store,influencer
u_001167,2025-06-12,CA,play_store,organic
u_001168,2025-01-03,US,app_store,paid_social
u_001169,2024-03-29,MX,play_store,paid_search
u_001170,2025-11-16,GB,play_store,influencer
u_001171,2024-01-16,CA,app_store,organic
u_001172,2025-07-16,US,stripe,influencer
u_001173,2024-12-22,GB,stripe,paid_social
u_001174,2025-09-12,MX,play_store,referral
u_001175,2025-08-11,US,app_store,influencer
u_001176,2024-04-19,IN,play_store,paid_search
u_001177,2024-04-29,JP,stripe,influencer
u_001178,2025-08-11,US,app_store,referral
u_001179,2025-07-30,IN,app_store,paid_search
u_001180,2025-04-14,CA,stripe,organic
u_001181,2025-05-08,US,app_store,paid_social
u_001182,2025-11-24,CA,stripe,referral
u_001183,2024-12-27,IN,app_store,paid_search
u_001184,2024-09-11,US,app_store,paid_search
u_001185,2024-03-18,IN,app_store,paid_search
u_001186,2024-12-28,US,play_store,paid_social
u_001187,2025-11-30,FR,app_store,paid_social
u_001188,2024-08-28,CA,stripe,paid_social
u_001189,2024-08-22,US,app_store,influencer
u_001190,2024-12-30,US,app_store,organic
u_001191,2025-11-23,MX,play_store,organic
u_001192,2025-07-08,MX,stripe,paid_search
u_001193,2025-09-27,GB,stripe,influencer
u_001194,2024-10-08,IN,stripe,influencer
u_001195,2024-10-13,GB,play_store,paid_social
u_001196,2024-02-25,IN,app_store,influencer
u_001197,2024-02-03,IN,app_store,paid_social
u_001198,2025-04-13,MX,play_store,referral
u_001199,2024-11-19,CA,app_store,paid_social
u_001200,2025-01-23,IN,app_store,influencer
u_001201,2024-09-22,US,app_store,paid_search
u_001202,2025-04-27,MX,app_store,paid_social
u_001203,2025-05-25,DE,app_store,paid_search
u_001204,2025-01-08,JP,app_store,paid_social
u_001205,2025-08-08,US,play_store,paid_social
u_001206,2024-04-12,CA,stripe,influencer
u_001207,2025-03-18,JP,app_store,paid_social
u_001208,2025-04-29,JP,app_store,referral
u_001209,2024-05-17,MX,stripe,influencer
u_001210,2025-06-30,CA,play_store,paid_search
u_001211,2024-09-13,IN,play_store,referral
u_001212,2024-04-11,CA,app_store,paid_search
u_001213,2025-05-02,JP,app_store,paid_search
u_001214,2024-09-23,GB,play_store,paid_search
u_001215,2024-12-18,US,app_store,influencer
u_001216,2024-07-22,IN,play_store,influencer
u_001217,2024-06-27,MX,app_store,paid_search
u_001218,2025-11-20,IN,play_store,referral
u_001219,2024-03-21,GB,app_store,paid_social
u_001220,2024-06-20,BR,stripe,referral
u_001221,2025-10-08,BR,app_store,organic
u_001222,2024-03-22,US,app_store,paid_search
u_001223,2025-10-30,US,app_store,referral
u_001224,2024-10-04,FR,play_store,paid_search
u_001225,2025-08-24,IN,play_store,paid_social
u_001226,2024-07-07,JP,app_store,paid_social
u_001227,2025-11-08,US,play_store,organic
u_001228,2024-08-03,US,app_store,organic
u_001229,2025-04-29,IN,app_store,referral
u_001230,2025-06-20,AU,app_store,paid_search
u_001231,2025-09-24,US,play_store,referral
u_001232,2024-11-12,US,play_store,referral
u_001233,2025-10-03,US,play_store,paid_social
u_001234,2024-01-30,US,app_store,paid_search
u_001235,2025-05-02,DE,stripe,paid_search
u_001236,2025-07-15,DE,stripe,influencer
u_001237,2024-06-30,IN,play_store,influencer
u_001238,2025-03-21,IN,play_store,paid_search
u_001239,2024-12-21,IN,app_store,organic
u_001240,2025-03-28,GB,app_store,paid_social
u_001241,2024-11-06,US,play_store,paid_social
u_001242,2024-12-18,US,play_store,referral
u_001243,2025-05-03,US,play_store,paid_search
u_001244,2025-09-03,US,app_store,paid_search
u_001245,2024-07-12,DE,play_store,referral
u_001246,2024-09-12,US,play_store,referral
u_001247,2025-01-22,US,app_store,paid_social
u_001248,2025-06-13,AU,stripe,paid_search
u_001249,2024-10-18,BR,play_store,paid_search
u_001250,2025-02-26,US,app_store,paid_social
u_001251,2024-10-23,US,play_store,referral
u_001252,2024-10-05,CA,play_store,paid_search
u_001253,2024-01-20,US,stripe,organic
u_001254,2024-07-09,MX,app_store,paid_social
u_001255,2025-03-24,CA,app_store,paid_social
u_001256,2024-01-16,IN,app_store,paid_search
u_001257,2025-05-25,MX,play_store,organic
u_001258,2024-12-04,US,play_store,paid_social
u_001259,2024-02-27,US,app_store,influencer
u_001260,2025-04-26,US,stripe,paid_search
u_001261,2025-01-25,JP,app_store,paid_social
u_001262,2025-01-29,AU,app_store,organic
u_001263,2024-07-22,DE,play_store,influencer
u_001264,2025-11-12,MX,play_store,paid_search
u_001265,2024-11-26,US,play_store,influencer
u_001266,2025-06-17,US,play_store,paid_search
u_001267,2024-07-22,GB,app_store,paid_social
u_001268,2024-04-25,US,app_store,organic
u_001269,2024-06-20,AU,play_store,referral
u_001270,2024-09-05,US,app_store,referral
u_001271,2025-12-05,IN,app_store,organic
u_001272,2024-09-11,US,app_store,influencer
u_001273,2024-12-12,FR,stripe,organic
u_001274,2024-03-02,GB,app_store,influencer
u_001275,2024-04-19,US,app_store,influencer
u_001276,2025-10-22,AU,stripe,referral
u_001277,2024-07-16,US,app_store,paid_social
u_001278,2024-09-13,FR,play_store,referral
u_001279,2025-07-26,US,play_store,paid_social
u_001280,2025-08-03,US,app_store,referral
u_001281,2024-10-08,FR,play_store,influencer
u_001282,2024-06-13,US,app_store,paid_search
u_001283,2024-09-26,IN,play_store,influencer
u_001284,2025-01-23,CA,stripe,influencer
u_001285,2025-01-07,AU,app_store,organic
u_001286,2025-11-05,MX,stripe,paid_social
u_001287,2025-06-20,CA,play_store,paid_social
u_001288,2025-09-19,US,app_store,paid_search
u_001289,2024-04-23,US,play_store,organic
u_001290,2024-05-12,US,app_store,organic
u_001291,2025-05-12,US,app_store,referral
u_001292,2025-11-04,IN,play_store,influencer
u_001293,2024-09-19,US,app_store,organic
u_001294,2024-01-14,FR,app_store,referral
u_001295,2024-03-22,DE,play_store,paid_search
u_001296,2025-07-25,AU,stripe,paid_search
u_001297,2024-02-29,JP,app_store,organic
u_001298,2024-03-13,JP,app_store,paid_social
u_001299,2025-06-15,US,play_store,influencer
u_001300,2025-01-29,US,play_store,paid_social
u_001301,2025-08-06,BR,app_store,influencer
u_001302,2025-03-01,AU,play_store,influencer
u_001303,2025-01-01,BR,play_store,referral
u_001304,2024-04-16,US,app_store,referral
u_001305,2025-05-31,GB,app_store,influencer
u_001306,2025-03-29,FR,stripe,influencer
u_001307,2024-11-28,JP,app_store,referral
u_001308,2024-11-27,BR,play_store,paid_social
u_001309,2025-01-19,AU,stripe,paid_search
u_001310,2025-01-03,MX,app_store,referral
u_001311,2024-01-01,CA,stripe,influencer
u_001312,2024-01-17,IN,stripe,paid_search
u_001313,2024-01-07,GB,app_store,paid_search
u_001314,2024-01-23,AU,stripe,paid_search
u_001315,2025-07-20,IN,play_store,influencer
u_001316,2024-06-07,US,play_store,paid_social
u_001317,2024-05-21,US,stripe,paid_social
u_001318,2024-08-26,US,app_store,influencer
u_001319,2025-02-13,IN,app_store,organic
u_001320,2024-11-28,AU,app_store,influencer
u_001321,2024-04-07,IN,app_store,influencer
u_001322,2025-01-25,US,app_store,paid_search
u_001323,2024-12-22,FR,app_store,organic
u_001324,2024-08-20,AU,stripe,organic
u_001325,2025-10-11,AU,app_store,paid_search
u_001326,2025-06-20,US,play_store,paid_social
u_001327,2024-11-30,IN,app_store,organic
u_001328,2025-11-20,CA,app_store,referral
u_001329,2025-09-01,IN,app_store,referral
u_001330,2024-10-23,AU,app_store,paid_search
u_001331,2024-03-25,DE,play_store,influencer
u_001332,2025-02-12,US,app_store,referral
u_001333,2025-12-15,US,app_store,influencer
u_001334,2024-07-21,IN,play_store,paid_social
u_001335,2025-07-28,BR,play_store,paid_social
u_001336,2024-09-05,US,play_store,paid_search
u_001337,2025-12-02,FR,app_store,referral
u_001338,2025-03-09,GB,app_store,paid_search
u_001339,2025-08-31,BR,play_store,paid_social
u_001340,2024-12-24,BR,stripe,referral
u_001341,2025-09-30,US,app_store,paid_social
u_001342,2024-07-23,CA,app_store,organic
u_001343,2024-04-25,CA,app_store,influencer
u_001344,2024-05-31,FR,stripe,organic
u_001345,2024-12-17,CA,app_store,referral
u_001346,2025-04-27,US,app_store,influencer
u_001347,2024-08-04,US,play_store,paid_search
u_001348,2025-07-15,IN,play_store,paid_social
u_001349,2025-12-12,CA,app_store,influencer
u_001350,2025-11-10,IN,app_store,organic
u_001351,2024-10-17,US,play_store,paid_search
u_001352,2024-02-24,DE,stripe,organic
u_001353,2025-02-01,BR,play_store,paid_search
u_001354,2024-04-20,US,stripe,referral
u_001355,2024-08-24,MX,play_store,organic
u_001356,2024-11-19,IN,play_store,organic
u_001357,2024-07-09,US,stripe,influencer
u_001358,2024-01-23,US,stripe,paid_search
u_001359,2024-12-07,IN,play_store,organic
u_001360,2024-12-21,CA,app_store,paid_search
u_001361,2024-08-29,MX,stripe,paid_search
u_001362,2024-03-04,BR,stripe,organic
u_001363,2025-07-22,MX,app_store,paid_search
u_001364,2025-02-06,BR,app_store,referral
u_001365,2025-06-17,MX,play_store,paid_social
u_001366,2025-03-03,US,app_store,paid_search
u_001367,2025-09-11,GB,play_store,paid_social
u_001368,2025-10-30,US,play_store,paid_social
u_001369,2024-05-21,GB,play_store,influencer
u_001370,2024-05-18,DE,stripe,paid_social
u_001371,2025-11-02,FR,stripe,paid_search
u_001372,2024-03-10,IN,stripe,organic
u_001373,2024-07-07,GB,stripe,organic
u_001374,2024-11-22,FR,app_store,referral
u_001375,2024-11-06,DE,stripe,paid_search
u_001376,2024-06-04,AU,app_store,paid_social
u_001377,2024-01-27,AU,play_store,paid_search
u_001378,2025-09-12,IN,app_store,paid_social
u_001379,2024-08-24,CA,app_store,referral
u_001380,2024-05-17,IN,play_store,paid_search
u_001381,2024-07-07,JP,play_store,paid_social
u_001382,2024-06-16,US,app_store,organic
u_001383,2024-10-03,MX,app_store,paid_social
u_001384,2024-07-28,US,stripe,referral
u_001385,2025-09-23,IN,app_store,referral
u_001386,2024-09-09,DE,play_store,influencer
u_001387,2025-01-24,CA,app_store,influencer
u_001388,2025-08-31,IN,play_store,organic
u_001389,2025-06-17,US,play_store,organic
u_001390,2024-09-08,IN,app_store,organic
u_001391,2025-07-25,GB,play_store,organic
u_001392,2024-07-13,US,app_store,paid_search
u_001393,2024-10-19,DE,app_store,influencer
u_001394,2024-02-25,CA,stripe,referral
u_001395,2025-10-23,DE,play_store,organic
u_001396,2024-07-03,AU,stripe,influencer
u_001397,2024-05-18,GB,app_store,organic
u_001398,2024-07-02,DE,stripe,paid_social
u_001399,2025-04-10,US,app_store,paid_social
u_001400,2024-05-06,US,play_store,paid_search
u_001401,2024-03-28,IN,app_store,influencer
u_001402,2025-09-18,MX,app_store,referral
u_001403,2024-02-14,AU,stripe,influencer
u_001404,2025-11-06,FR,app_store,paid_social
u_001405,2024-07-02,AU,app_store,paid_search
u_001406,2024-11-12,CA,stripe,paid_search
u_001407,2025-10-03,US,stripe,paid_social
u_001408,2024-01-04,BR,app_store,referral
u_001409,2025-05-24,JP,play_store,organic
u_001410,2025-09-14,FR,app_store,influencer
u_001411,2025-11-06,DE,app_store,organic
u_001412,2025-09-07,BR,app_store,influencer
u_001413,2024-10-11,BR,play_store,paid_social
u_001414,2024-02-20,US,app_store,paid_search
u_001415,2024-02-07,US,app_store,influencer
u_001416,2025-09-09,US,stripe,organic
u_001417,2024-04-21,DE,app_store,paid_search
u_001418,2025-09-17,BR,play_store,influencer
u_001419,2025-07-29,US,play_store,influencer
u_001420,2025-01-03,FR,app_store,paid_search
u_001421,2024-11-26,GB,app_store,organic
u_001422,2025-03-13,JP,app_store,referral
u_001423,2024-05-17,US,stripe,paid_search
u_001424,2025-06-23,DE,app_store,paid_social
u_001425,2025-09-18,US,play_store,influencer
u_001426,2024-03-30,IN,play_store,paid_search
u_001427,2025-03-13,BR,app_store,influencer
u_001428,2025-08-11,MX,app_store,paid_social
u_001429,2025-09-21,IN,play_store,referral
u_001430,2025-05-19,JP,stripe,paid_social
u_001431,2024-10-24,MX,app_store,organic
u_001432,2025-04-21,BR,app_store,paid_social
u_001433,2025-09-22,MX,app_store,paid_search
u_001434,2024-12-24,IN,play_store,organic
u_001435,2025-10-17,US,app_store,organic
u_001436,2024-11-11,GB,play_store,organic
u_001437,2024-04-26,CA,app_store,influencer
u_001438,2025-09-22,MX,stripe,paid_social
u_001439,2024-12-04,JP,stripe,referral
u_001440,2025-04-30,AU,play_store,referral
u_001441,2024-06-08,BR,stripe,influencer
u_001442,2024-12-09,DE,stripe,organic
u_001443,2025-06-17,US,play_store,paid_search
u_001444,2025-07-22,IN,app_store,paid_search
u_001445,2024-12-28,US,app_store,organic
u_001446,2024-12-13,MX,play_store,paid_social
u_001447,2025-08-07,BR,app_store,organic
u_001448,2024-11-11,CA,app_store,organic
u_001449,2024-10-05,DE,play_store,paid_social
u_001450,2025-01-15,DE,stripe,paid_social
u_001451,2025-06-21,GB,app_store,organic
u_001452,2024-07-25,FR,app_store,organic
u_001453,2025-05-09,FR,app_store,paid_search
u_001454,2025-05-10,CA,play_store,paid_search
u_001455,2024-05-26,AU,app_store,influencer
u_001456,2025-11-23,MX,app_store,organic
u_001457,2025-04-15,GB,stripe,organic
u_001458,2024-01-05,GB,app_store,influencer
u_001459,2024-03-30,GB,stripe,organic
u_001460,2025-06-17,AU,play_store,organic
u_001461,2025-08-14,AU,play_store,paid_social
u_001462,2024-11-24,US,app_store,influencer
u_001463,2024-11-22,AU,play_store,paid_search
u_001464,2024-06-01,US,app_store,influencer
u_001465,2025-07-27,IN,app_store,paid_search
u_001466,2025-07-16,GB,app_store,paid_search
u_001467,2025-08-10,US,app_store,influencer
u_001468,2024-12-12,IN,app_store,organic
u_001469,2025-04-27,FR,app_store,referral
u_001470,2024-02-25,US,app_store,influencer
u_001471,2025-08-29,BR,play_store,referral
u_001472,2025-09-23,GB,app_store,paid_social
u_001473,2025-11-17,JP,app_store,referral
u_001474,2025-08-04,US,stripe,referral
u_001475,2024-04-09,DE,play_store,referral
u_001476,2025-04-26,US,app_store,influencer
u_001477,2024-09-21,FR,app_store,paid_search
u_001478,2024-11-28,DE,app_store,referral
u_001479,2024-04-25,GB,play_store,paid_social
u_001480,2024-10-16,AU,play_store,paid_social
u_001481,2025-06-04,US,stripe,organic
u_001482,2024-11-29,IN,app_store,paid_search
u_001483,2025-06-29,DE,play_store,paid_social
u_001484,2025-09-27,US,app_store,referral
u_001485,2025-01-28,US,app_store,influencer
u_001486,2025-03-17,AU,app_store,paid_search
u_001487,2025-07-11,CA,app_store,organic
u_001488,2025-08-10,JP,app_store,influencer
u_001489,2025-04-19,GB,app_store,referral
u_001490,2024-06-29,GB,app_store,influencer
u_001491,2024-04-21,CA,play_store,referral
u_001492,2024-12-01,IN,play_store,organic
u_001493,2024-08-10,JP,stripe,organic
u_001494,2024-05-30,BR,play_store,paid_search
u_001495,2025-02-03,BR,app_store,paid_social
u_001496,2025-11-28,FR,app_store,paid_search
u_001497,2025-03-21,CA,stripe,organic
u_001498,2025-08-19,US,stripe,referral
u_001499,2024-05-10,JP,app_store,influencer
u_001500,2024-02-24,US,play_store,paid_search
u_001501,2024-04-22,FR,stripe,paid_social
u_001502,2025-03-18,CA,app_store,paid_search
u_001503,2025-01-26,DE,app_store,paid_social
u_001504,2025-11-09,US,app_store,influencer
u_001505,2025-01-28,JP,app_store,referral
u_001506,2024-06-06,US,stripe,paid_social
u_001507,2024-05-17,US,play_store,paid_social
u_001508,2025-05-13,BR,stripe,paid_social
u_001509,2024-03-27,US,stripe,referral
u_001510,2025-12-13,BR,app_store,paid_social
u_001511,2025-04-10,IN,play_store,referral
u_001512,2025-01-28,GB,app_store,influencer
u_001513,2024-01-08,IN,stripe,paid_social
u_001514,2025-05-28,US,stripe,influencer
u_001515,2025-01-10,US,app_store,referral
u_001516,2025-01-12,US,play_store,organic
u_001517,2024-05-25,CA,play_store,paid_search
u_001518,2025-04-21,IN,play_store,influencer
u_001519,2024-03-31,US,play_store,organic
u_001520,2025-12-01,BR,play_store,paid_search
u_001521,2025-09-19,US,app_store,organic
u_001522,2025-04-25,DE,stripe,influencer
u_001523,2024-12-05,DE,stripe,paid_search
u_001524,2024-10-23,US,play_store,influencer
u_001525,2024-11-07,CA,play_store,organic
u_001526,2025-10-06,DE,app_store,organic
u_001527,2025-11-03,MX,stripe,influencer
u_001528,2024-01-28,US,app_store,influencer
u_001529,2024-03-19,JP,app_store,paid_social
u_001530,2025-09-22,US,stripe,organic
u_001531,2024-04-24,BR,stripe,paid_social
u_001532,2025-11-05,DE,stripe,paid_search
u_001533,2024-08-29,IN,play_store,organic
u_001534,2024-12-17,MX,stripe,influencer
u_001535,2024-06-06,JP,play_store,referral
u_001536,2025-01-27,US,app_store,paid_social
u_001537,2024-08-03,IN,stripe,organic
u_001538,2025-10-19,US,stripe,organic
u_001539,2024-06-20,DE,play_store,referral
u_001540,2025-06-29,US,play_store,referral
u_001541,2025-04-30,US,play_store,referral
u_001542,2024-01-13,US,play_store,referral
u_001543,2025-11-25,GB,play_store,organic
u_001544,2024-04-09,FR,play_store,referral
u_001545,2025-09-17,FR,stripe,paid_search
u_001546,2024-10-03,US,app_store,influencer
u_001547,2025-02-04,DE,play_store,paid_social
u_001548,2025-11-19,IN,app_store,paid_search
u_001549,2025-11-24,CA,app_store,influencer
u_001550,2024-01-11,BR,stripe,organic
u_001551,2025-02-25,US,app_store,referral
u_001552,2024-12-25,US,app_store,paid_social
u_001553,2024-02-04,US,app_store,influencer
u_001554,2025-11-03,FR,app_store,influencer
u_001555,2025-10-15,US,stripe,organic
u_001556,2025-09-11,US,play_store,influencer
u_001557,2024-07-08,FR,play_store,paid_search
u_001558,2024-10-28,DE,stripe,referral
u_001559,2024-10-10,AU,play_store,paid_search
u_001560,2024-09-20,US,app_store,organic
u_001561,2025-01-26,GB,stripe,paid_search
u_001562,2024-09-28,US,app_store,paid_social
u_001563,2025-09-16,GB,play_store,organic
u_001564,2024-05-27,IN,app_store,influencer
u_001565,2025-10-20,US,app_store,paid_search
u_001566,2024-04-15,US,app_store,paid_search
u_001567,2025-04-01,US,play_store,organic
u_001568,2024-02-08,BR,app_store,paid_search
u_001569,2025-02-04,IN,play_store,referral
u_001570,2025-05-04,DE,stripe,organic
u_001571,2025-07-07,US,app_store,referral
u_001572,2024-05-04,IN,stripe,paid_search
u_001573,2024-12-07,CA,app_store,organic
u_001574,2025-01-09,IN,stripe,organic
u_001575,2025-04-15,AU,app_store,paid_social
u_001576,2024-06-29,IN,stripe,paid_social
u_001577,2024-11-02,CA,stripe,paid_search
u_001578,2025-05-13,US,play_store,paid_social
u_001579,2024-05-23,US,app_store,influencer
u_001580,2024-09-01,IN,app_store,influencer
u_001581,2025-10-20,GB,play_store,referral
u_001582,2024-01-17,US,app_store,organic
u_001583,2025-02-19,US,stripe,influencer
u_001584,2025-04-14,MX,stripe,influencer
u_001585,2024-06-01,AU,app_store,organic
u_001586,2024-02-07,CA,play_store,organic
u_001587,2025-04-27,FR,play_store,paid_social
u_001588,2025-10-26,US,app_store,organic
u_001589,2024-11-10,JP,app_store,influencer
u_001590,2024-06-23,JP,app_store,organic
u_001591,2024-04-26,IN,play_store,paid_social
u_001592,2024-03-05,JP,app_store,referral
u_001593,2024-11-28,US,play_store,influencer
u_001594,2024-05-20,GB,stripe,paid_social
u_001595,2024-02-16,IN,app_store,organic
u_001596,2024-10-07,US,app_store,paid_search
u_001597,2025-07-20,US,app_store,influencer
u_001598,2024-02-11,US,play_store,influencer
u_001599,2025-01-20,AU,app_store,referral
u_001600,2024-03-23,US,app_store,organic
u_001601,2025-10-29,IN,app_store,referral
u_001602,2025-12-09,US,app_store,paid_search
u_001603,2025-06-19,DE,app_store,paid_social
u_001604,2025-09-17,CA,play_store,referral
u_001605,2025-09-18,MX,play_store,paid_search
u_001606,2024-12-22,DE,play_store,paid_social
u_001607,2024-04-30,MX,stripe,influencer
u_001608,2025-01-05,FR,stripe,influencer
u_001609,2024-08-12,DE,play_store,paid_social
u_001610,2024-10-10,US,app_store,paid_social
u_001611,2025-12-02,JP,stripe,referral
u_001612,2024-06-29,US,stripe,organic
u_001613,2025-10-22,GB,app_store,paid_search
u_001614,2024-12-08,BR,stripe,referral
u_001615,2024-02-14,US,app_store,influencer
u_001616,2024-06-29,US,app_store,influencer
u_001617,2024-04-28,US,app_store,referral
u_001618,2025-08-29,IN,app_store,paid_search
u_001619,2024-08-23,AU,app_store,organic
u_001620,2024-08-30,CA,stripe,referral
u_001621,2024-08-13,US,play_store,organic
u_001622,2025-03-22,US,stripe,referral
u_001623,2024-07-01,GB,app_store,paid_social
u_001624,2025-10-09,GB,app_store,paid_search
u_001625,2024-05-10,US,play_store,paid_search
u_001626,2024-05-19,US,play_store,referral
u_001627,2024-06-24,AU,app_store,paid_search
u_001628,2025-09-10,US,play_store,influencer
u_001629,2024-06-23,IN,play_store,paid_social
u_001630,2024-03-29,DE,play_store,paid_social
u_001631,2025-08-28,DE,play_store,organic
u_001632,2025-03-14,CA,app_store,paid_search
u_001633,2025-03-20,IN,stripe,influencer
u_001634,2024-06-01,FR,stripe,referral
u_001635,2024-02-15,US,play_store,influencer
u_001636,2024-02-04,DE,app_store,organic
u_001637,2025-04-08,IN,app_store,organic
u_001638,2025-12-10,CA,stripe,paid_social
u_001639,2025-01-02,US,play_store,organic
u_001640,2024-01-17,DE,app_store,referral
u_001641,2025-08-07,AU,app_store,referral
u_001642,2025-04-19,AU,stripe,referral
u_001643,2024-07-08,AU,app_store,referral
u_001644,2025-10-10,US,play_store,referral
u_001645,2025-12-08,GB,app_store,referral
u_001646,2024-10-03,CA,play_store,influencer
u_001647,2024-07-31,AU,app_store,paid_search
u_001648,2024-02-26,IN,stripe,paid_search
u_001649,2024-02-22,US,app_store,influencer
u_001650,2024-02-11,GB,app_store,influencer
u_001651,2024-03-09,IN,play_store,paid_social
u_001652,2024-12-08,US,app_store,referral
u_001653,2025-08-17,FR,play_store,paid_social
u_001654,2024-11-24,GB,app_store,referral
u_001655,2024-10-10,US,app_store,referral
u_001656,2025-05-12,IN,stripe,referral
u_001657,2025-06-28,BR,play_store,paid_search
u_001658,2025-04-07,BR,play_store,organic
u_001659,2024-07-11,FR,play_store,organic
u_001660,2025-02-04,FR,app_store,organic
u_001661,2024-04-21,US,app_store,paid_social
u_001662,2025-05-23,US,app_store,organic
u_001663,2024-10-27,DE,play_store,paid_social
u_001664,2025-04-30,GB,app_store,organic
u_001665,2024-10-25,US,app_store,paid_social
u_001666,2025-06-16,BR,app_store,paid_search
u_001667,2025-11-02,BR,app_store,influencer
u_001668,2025-11-12,CA,stripe,referral
u_001669,2025-04-13,GB,app_store,paid_search
u_001670,2024-06-24,AU,app_store,paid_search
u_001671,2024-10-22,AU,app_store,paid_search
u_001672,2024-10-18,DE,app_store,paid_social
u_001673,2025-07-02,US,stripe,paid_social
u_001674,2024-06-14,US,app_store,paid_search
u_001675,2025-08-11,US,app_store,paid_social
u_001676,2024-07-29,IN,app_store,paid_search
u_001677,2024-12-18,US,app_store,paid_social
u_001678,2025-06-30,GB,stripe,referral
u_001679,2025-05-26,AU,stripe,paid_search
u_001680,2024-06-08,US,play_store,influencer
u_001681,2024-12-05,BR,app_store,paid_search
u_001682,2025-08-10,BR,play_store,referral
u_001683,2024-12-12,CA,play_store,organic
u_001684,2024-05-22,BR,app_store,organic
u_001685,2025-02-15,BR,app_store,paid_search
u_001686,2024-04-04,GB,play_store,paid_social
u_001687,2025-08-20,IN,play_store,paid_search
u_001688,2024-07-19,US,play_store,referral
u_001689,2025-11-24,BR,app_store,influencer
u_001690,2025-02-07,US,app_store,influencer
u_001691,2025-06-07,MX,stripe,paid_search
u_001692,2025-02-11,US,stripe,paid_search
u_001693,2025-01-30,GB,app_store,paid_search
u_001694,2024-11-11,MX,stripe,organic
u_001695,2024-08-08,CA,app_store,referral
u_001696,2025-03-29,US,stripe,referral
u_001697,2025-02-28,US,play_store,organic
u_001698,2024-05-27,US,play_store,influencer
u_001699,2024-12-09,US,stripe,referral
u_001700,2024-03-31,US,play_store,paid_search
u_001701,2025-02-28,US,play_store,influencer
u_001702,2024-05-20,US,stripe,paid_search
u_001703,2025-07-21,IN,stripe,paid_search
u_001704,2025-08-22,GB,play_store,referral
u_001705,2024-08-17,US,app_store,paid_search
u_001706,2024-11-03,MX,stripe,referral
u_001707,2024-05-07,BR,stripe,referral
u_001708,2024-07-02,IN,play_store,paid_social
u_001709,2024-01-30,US,app_store,organic
u_001710,2025-09-05,AU,play_store,influencer
u_001711,2025-03-22,FR,play_store,referral
u_001712,2025-12-11,JP,app_store,influencer
u_001713,2024-01-18,JP,app_store,organic
u_001714,2024-05-29,GB,stripe,paid_social
u_001715,2024-12-31,US,app_store,referral
u_001716,2025-10-13,FR,app_store,paid_search
u_001717,2024-10-25,IN,stripe,influencer
u_001718,2024-07-17,AU,app_store,organic
u_001719,2025-09-05,AU,play_store,paid_search
u_001720,2025-12-02,AU,app_store,paid_search
u_001721,2024-04-08,IN,app_store,paid_social
u_001722,2024-01-14,US,app_store,referral
u_001723,2025-02-25,GB,stripe,organic
u_001724,2024-08-11,US,app_store,paid_social
u_001725,2025-07-26,BR,stripe,influencer
u_001726,2025-06-28,CA,play_store,organic
u_001727,2025-03-03,DE,app_store,paid_social
u_001728,2024-01-18,DE,app_store,paid_search
u_001729,2024-05-22,JP,stripe,influencer
u_001730,2025-06-19,AU,app_store,paid_search
u_001731,2024-01-30,AU,app_store,paid_social
u_001732,2025-12-11,US,app_store,paid_social
u_001733,2024-08-02,US,app_store,organic
u_001734,2024-03-20,US,play_store,referral
u_001735,2024-02-13,US,app_store,influencer
u_001736,2025-08-30,US,app_store,paid_search
u_001737,2024-02-14,US,play_store,organic
u_001738,2024-05-06,FR,app_store,paid_social
u_001739,2024-07-08,BR,app_store,paid_social
u_001740,2024-10-11,MX,app_store,paid_social
u_001741,2025-05-27,AU,play_store,influencer
u_001742,2025-08-06,US,stripe,organic
u_001743,2025-06-25,US,app_store,paid_search
u_001744,2024-06-24,FR,play_store,organic
u_001745,2024-08-07,FR,stripe,referral
u_001746,2025-01-10,CA,app_store,organic
u_001747,2024-07-04,JP,stripe,referral
u_001748,2024-08-07,IN,app_store,paid_search
u_001749,2024-05-06,DE,play_store,referral
u_001750,2025-01-04,CA,play_store,organic
u_001751,2024-03-25,GB,app_store,paid_search
u_001752,2025-04-12,BR,app_store,referral
u_001753,2024-08-19,IN,app_store,referral
u_001754,2024-07-12,JP,stripe,referral
u_001755,2025-11-26,GB,app_store,referral
u_001756,2025-11-19,US,app_store,organic
u_001757,2024-05-02,US,app_store,influencer
u_001758,2024-04-14,AU,stripe,paid_social
u_001759,2024-03-07,GB,app_store,paid_social
u_001760,2025-09-01,JP,app_store,paid_social
u_001761,2025-03-10,CA,app_store,influencer
u_001762,2025-08-30,US,play_store,referral
u_001763,2024-12-30,DE,play_store,referral
u_001764,2025-05-11,IN,app_store,referral
u_001765,2024-04-20,US,play_store,paid_social
u_001766,2025-10-05,MX,app_store,organic
u_001767,2024-03-10,IN,app_store,paid_social
u_001768,2025-01-26,BR,app_store,paid_search
u_001769,2025-09-28,BR,play_store,influencer
u_001770,2025-05-19,AU,app_store,referral
u_001771,2025-05-17,IN,play_store,influencer
u_001772,2025-07-13,US,play_store,referral
u_001773,2024-05-01,GB,app_store,referral
u_001774,2025-03-29,DE,app_store,influencer
u_001775,2025-11-06,FR,app_store,paid_social
u_001776,2025-05-18,DE,app_store,referral
u_001777,2025-05-14,AU,play_store,referral
u_001778,2025-11-06,IN,play_store,referral
u_001779,2025-05-02,IN,app_store,organic
u_001780,2025-02-04,US,play_store,referral
u_001781,2025-09-23,BR,play_store,paid_search
u_001782,2024-11-24,US,play_store,paid_social
u_001783,2025-01-10,GB,play_store,organic
u_001784,2025-10-02,GB,app_store,paid_search
u_001785,2024-12-31,DE,app_store,paid_social
u_001786,2024-09-10,US,app_store,organic
u_001787,2025-12-05,US,app_store,paid_search
u_001788,2024-06-22,US,app_store,referral
u_001789,2025-11-04,FR,play_store,referral
u_001790,2024-09-30,US,play_store,organic
u_001791,2024-11-20,GB,app_store,influencer
u_001792,2024-04-10,JP,app_store,paid_social
u_001793,2024-12-10,IN,stripe,paid_search
u_001794,2024-06-19,BR,app_store,referral
u_001795,2024-07-25,IN,stripe,organic
u_001796,2025-07-02,US,app_store,paid_search
u_001797,2025-08-10,DE,app_store,organic
u_001798,2025-08-15,US,app_store,organic
u_001799,2025-08-03,JP,play_store,paid_social
u_001800,2024-12-21,AU,play_store,paid_search
u_001801,2025-05-31,JP,app_store,influencer
u_001802,2024-11-16,US,app_store,influencer
u_001803,2025-06-11,DE,play_store,paid_social
u_001804,2024-01-20,BR,play_store,paid_social
u_001805,2025-08-13,IN,play_store,referral
u_001806,2024-10-01,FR,play_store,influencer
u_001807,2025-03-20,FR,play_store,organic
u_001808,2025-06-18,US,play_store,paid_social
u_001809,2024-06-03,AU,play_store,referral
u_001810,2025-02-24,GB,stripe,organic
u_001811,2025-10-11,US,app_store,paid_search
u_001812,2025-10-23,US,play_store,paid_social
u_001813,2025-02-19,US,app_store,organic
u_001814,2024-09-08,AU,app_store,referral
u_001815,2025-07-27,MX,app_store,organic
u_001816,2024-07-25,US,app_store,paid_search
u_001817,2024-10-11,BR,app_store,organic
u_001818,2025-05-12,AU,app_store,organic
u_001819,2024-11-17,BR,stripe,referral
u_001820,2025-01-07,BR,stripe,referral
u_001821,2024-05-23,US,play_store,influencer
u_001822,2024-05-03,IN,stripe,influencer
u_001823,2024-09-14,IN,app_store,influencer
u_001824,2024-05-05,AU,app_store,influencer
u_001825,2025-02-03,JP,play_store,referral
u_001826,2024-08-11,US,app_store,paid_search
u_001827,2025-03-26,DE,stripe,organic
u_001828,2025-05-17,IN,play_store,organic
u_001829,2024-11-20,IN,play_store,paid_social
u_001830,2024-10-11,FR,stripe,paid_search
u_001831,2025-05-01,CA,stripe,organic
u_001832,2025-10-22,MX,play_store,organic
u_001833,2025-12-08,FR,play_store,paid_search
u_001834,2025-07-19,GB,play_store,paid_search
u_001835,2025-12-02,US,stripe,referral
u_001836,2025-02-01,US,stripe,paid_search
u_001837,2024-11-04,US,stripe,paid_social
u_001838,2024-10-31,US,stripe,referral
u_001839,2025-10-08,GB,stripe,referral
u_001840,2024-02-04,US,app_store,referral
u_001841,2025-04-27,CA,stripe,paid_search
u_001842,2025-03-08,FR,stripe,paid_social
u_001843,2025-12-16,US,app_store,referral
u_001844,2025-09-08,CA,play_store,paid_search
u_001845,2025-04-09,CA,play_store,paid_social
u_001846,2025-10-07,DE,play_store,organic
u_001847,2025-02-14,US,app_store,influencer
u_001848,2024-03-25,US,app_store,paid_social
u_001849,2025-08-31,CA,play_store,paid_search
u_001850,2025-04-07,DE,play_store,paid_search
u_001851,2024-06-26,CA,stripe,paid_search
u_001852,2024-07-22,US,app_store,referral
u_001853,2025-01-21,MX,stripe,paid_social
u_001854,2024-01-22,MX,stripe,influencer
u_001855,2025-10-03,US,app_store,referral
u_001856,2024-07-22,US,stripe,organic
u_001857,2025-02-14,BR,play_store,paid_social
u_001858,2024-04-01,MX,app_store,influencer
u_001859,2024-04-30,US,play_store,referral
u_001860,2025-11-20,IN,app_store,paid_social
u_001861,2024-07-14,MX,stripe,paid_search
u_001862,2024-10-21,AU,app_store,referral
u_001863,2024-07-30,BR,stripe,paid_search
u_001864,2025-11-24,US,app_store,paid_social
u_001865,2024-01-30,US,app_store,influencer
u_001866,2025-04-06,FR,app_store,referral
u_001867,2024-03-28,US,app_store,paid_search
u_001868,2025-12-10,GB,app_store,referral
u_001869,2025-03-09,CA,app_store,organic
u_001870,2025-07-24,US,app_store,paid_social
u_001871,2025-04-27,FR,stripe,influencer
u_001872,2024-02-16,US,play_store,referral
u_001873,2024-11-05,MX,play_store,paid_social
u_001874,2025-07-26,US,app_store,paid_social
u_001875,2025-05-30,IN,app_store,referral
u_001876,2024-05-15,US,play_store,referral
u_001877,2024-05-25,US,app_store,paid_social
u_001878,2025-05-26,FR,stripe,paid_search
u_001879,2025-03-16,US,stripe,influencer
u_001880,2024-09-27,IN,app_store,paid_social
u_001881,2024-11-19,CA,play_store,paid_social
u_001882,2025-07-23,JP,play_store,referral
u_001883,2024-02-24,US,app_store,paid_social
u_001884,2024-02-06,DE,app_store,referral
u_001885,2025-03-22,US,stripe,referral
u_001886,2024-02-11,DE,stripe,influencer
u_001887,2025-05-11,DE,app_store,paid_social
u_001888,2024-05-06,GB,app_store,paid_search
u_001889,2024-07-03,JP,play_store,paid_search
u_001890,2025-07-30,FR,play_store,influencer
u_001891,2024-01-05,IN,play_store,referral
u_001892,2024-03-19,US,play_store,organic
u_001893,2024-12-02,US,play_store,organic
u_001894,2025-02-07,GB,stripe,organic
u_001895,2024-11-27,US,app_store,referral
u_001896,2025-04-09,BR,app_store,organic
u_001897,2024-12-03,MX,play_store,referral
u_001898,2024-11-28,MX,stripe,influencer
u_001899,2024-05-12,US,app_store,paid_search
u_001900,2024-11-26,AU,play_store,influencer
u_001901,2025-09-08,GB,app_store,paid_social
u_001902,2024-09-02,MX,stripe,organic
u_001903,2024-01-22,JP,app_store,referral
u_001904,2024-10-18,BR,stripe,paid_social
u_001905,2024-05-03,US,stripe,paid_search
u_001906,2025-12-02,BR,app_store,organic
u_001907,2025-01-11,IN,play_store,referral
u_001908,2025-05-02,US,play_store,organic
u_001909,2025-03-08,JP,play_store,referral
u_001910,2025-10-07,DE,app_store,paid_search
u_001911,2025-04-19,BR,play_store,paid_social
u_001912,2025-05-22,IN,play_store,organic
u_001913,2024-10-24,DE,app_store,referral
u_001914,2024-11-03,US,app_store,paid_search
u_001915,2024-09-11,IN,app_store,organic
u_001916,2025-07-18,US,app_store,organic
u_001917,2025-06-06,DE,app_store,influencer
u_001918,2024-09-16,GB,play_store,influencer
u_001919,2024-01-17,US,play_store,paid_social
u_001920,2024-07-05,JP,app_store,referral
u_001921,2024-10-31,GB,play_store,referral
u_001922,2025-09-30,JP,app_store,paid_social
u_001923,2024-08-04,US,play_store,influencer
u_001924,2024-09-22,FR,app_store,influencer
u_001925,2024-01-19,US,app_store,paid_social
u_001926,2025-11-02,DE,play_store,influencer
u_001927,2025-05-13,GB,stripe,influencer
u_001928,2025-01-04,CA,stripe,referral
u_001929,2024-11-05,US,app_store,paid_social
u_001930,2024-04-24,JP,play_store,paid_social
u_001931,2024-01-28,US,play_store,paid_social
u_001932,2025-03-22,JP,stripe,influencer
u_001933,2024-07-14,US,play_store,paid_social
u_001934,2025-04-30,DE,app_store,paid_social
u_001935,2025-03-31,MX,play_store,referral
u_001936,2025-08-22,US,app_store,referral
u_001937,2024-02-22,GB,app_store,referral
u_001938,2025-03-01,JP,play_store,influencer
u_001939,2025-07-21,MX,app_store,referral
u_001940,2025-05-12,IN,play_store,referral
u_001941,2024-08-25,CA,play_store,referral
u_001942,2025-08-13,GB,app_store,referral
u_001943,2025-04-29,US,play_store,paid_search
u_001944,2025-04-04,CA,app_store,paid_search
u_001945,2024-07-15,DE,app_store,influencer
u_001946,2024-08-12,IN,play_store,influencer
u_001947,2025-11-03,DE,stripe,referral
u_001948,2025-03-02,JP,play_store,paid_search
u_001949,2025-04-28,AU,stripe,influencer
u_001950,2024-07-31,US,play_store,referral
u_001951,2024-05-12,US,app_store,referral
u_001952,2024-04-13,AU,stripe,referral
u_001953,2024-11-06,US,play_store,organic
u_001954,2025-01-02,FR,app_store,paid_social
u_001955,2024-06-27,JP,stripe,organic
u_001956,2024-03-06,GB,app_store,paid_social
u_001957,2024-05-03,IN,play_store,paid_search
u_001958,2024-12-29,AU,play_store,influencer
u_001959,2024-09-30,FR,stripe,influencer
u_001960,2025-09-10,BR,play_store,referral
u_001961,2025-04-13,MX,play_store,organic
u_001962,2025-09-17,BR,stripe,organic
u_001963,2025-07-29,US,app_store,organic
u_001964,2024-07-29,FR,app_store,paid_search
u_001965,2025-03-28,AU,play_store,organic
u_001966,2024-06-06,BR,app_store,paid_social
u_001967,2024-05-05,JP,app_store,referral
u_001968,2024-01-07,US,stripe,paid_search
u_001969,2024-10-20,IN,app_store,paid_search
u_001970,2025-02-28,GB,play_store,paid_social
u_001971,2025-06-26,DE,app_store,referral
u_001972,2025-02-27,FR,stripe,influencer
u_001973,2025-11-29,GB,app_store,paid_social
u_001974,2024-01-11,CA,play_store,organic
u_001975,2024-03-27,GB,app_store,paid_social
u_001976,2025-03-20,US,play_store,paid_social
u_001977,2025-08-11,US,play_store,influencer
u_001978,2024-10-29,DE,stripe,influencer
u_001979,2024-11-07,CA,app_store,paid_search
u_001980,2024-01-09,JP,stripe,influencer
u_001981,2024-05-30,CA,app_store,paid_social
u_001982,2025-07-11,BR,play_store,referral
u_001983,2025-12-15,GB,stripe,referral
u_001984,2024-07-21,FR,app_store,influencer
u_001985,2024-12-08,GB,play_store,paid_social
u_001986,2025-06-16,MX,app_store,organic
u_001987,2025-06-07,IN,play_store,paid_social
u_001988,2024-01-24,US,play_store,influencer
u_001989,2024-09-21,US,play_store,referral
u_001990,2025-06-01,US,app_store,paid_search
u_001991,2024-09-22,BR,app_store,organic
u_001992,2025-10-28,MX,app_store,influencer
u_001993,2024-01-06,DE,stripe,influencer
u_001994,2025-08-02,CA,stripe,influencer
u_001995,2025-09-01,US,app_store,influencer
u_001996,2025-11-19,US,app_store,paid_social
u_001997,2024-04-17,GB,play_store,paid_search
u_001998,2025-04-10,US,play_store,referral
u_001999,2024-03-24,US,app_store,paid_social
u_002000,2025-05-02,US,app_store,influencer
u_002001,2025-02-16,IN,play_store,referral
u_002002,2024-09-27,IN,play_store,referral
u_002003,2025-12-06,FR,play_store,referral
u_002004,2024-06-15,US,app_store,referral
u_002005,2024-05-12,MX,play_store,influencer
u_002006,2024-04-30,CA,play_store,organic
u_002007,2024-06-09,MX,app_store,organic
u_002008,2025-09-08,JP,app_store,paid_search
u_002009,2025-08-08,US,play_store,organic
u_002010,2025-01-15,GB,app_store,paid_search
u_002011,2025-05-12,US,app_store,influencer
u_002012,2025-03-07,US,stripe,paid_search
u_002013,2024-08-08,US,play_store,organic
u_002014,2024-05-05,IN,app_store,organic
u_002015,2025-03-03,IN,app_store,referral
u_002016,2024-12-11,AU,play_store,influencer
u_002017,2024-05-15,AU,play_store,referral
u_002018,2025-04-05,BR,app_store,paid_search
u_002019,2024-04-01,AU,play_store,referral
u_002020,2025-01-31,US,app_store,influencer
u_002021,2024-02-16,MX,stripe,paid_search
u_002022,2025-10-23,US,app_store,organic
u_002023,2025-08-08,BR,play_store,paid_search
u_002024,2025-07-28,BR,play_store,organic
u_002025,2024-07-16,MX,play_store,organic
u_002026,2025-08-06,IN,play_store,influencer
u_002027,2024-01-20,US,stripe,paid_social
u_002028,2024-01-20,US,app_store,influencer
u_002029,2025-03-30,US,play_store,paid_search
u_002030,2025-02-15,IN,play_store,organic
u_002031,2024-12-14,DE,app_store,influencer
u_002032,2024-11-20,GB,app_store,organic
u_002033,2025-07-08,US,app_store,paid_search
u_002034,2024-04-01,US,stripe,paid_social
u_002035,2024-03-01,BR,app_store,organic
u_002036,2024-02-29,US,app_store,paid_social
u_002037,2025-02-26,FR,app_store,organic
u_002038,2024-02-23,US,play_store,influencer
u_002039,2024-08-30,IN,play_store,referral
u_002040,2024-04-27,US,app_store,influencer
u_002041,2025-02-20,US,app_store,paid_social
u_002042,2024-01-20,US,stripe,organic
u_002043,2024-09-09,AU,play_store,paid_social
u_002044,2024-11-07,IN,app_store,influencer
u_002045,2024-07-27,AU,app_store,influencer
u_002046,2024-06-21,AU,play_store,referral
u_002047,2025-07-22,DE,app_store,referral
u_002048,2025-09-27,US,stripe,organic
u_002049,2024-03-02,FR,play_store,influencer
u_002050,2024-09-13,JP,app_store,paid_search
u_002051,2025-10-09,US,stripe,paid_search
u_002052,2024-02-16,US,play_store,organic
u_002053,2024-11-03,US,play_store,paid_social
u_002054,2025-07-23,MX,stripe,paid_social
u_002055,2025-09-17,IN,stripe,paid_search
u_002056,2025-10-12,US,play_store,referral
u_002057,2024-10-06,US,stripe,paid_search
u_002058,2024-08-03,DE,play_store,organic
u_002059,2025-12-09,US,stripe,influencer
u_002060,2025-05-02,US,app_store,paid_social
u_002061,2025-02-27,IN,play_store,referral
u_002062,2025-02-06,IN,play_store,organic
u_002063,2025-07-05,US,stripe,referral
u_002064,2025-11-19,US,stripe,referral
u_002065,2025-09-07,GB,app_store,organic
u_002066,2024-05-07,DE,stripe,referral
u_002067,2024-01-10,US,app_store,paid_search
u_002068,2025-11-27,FR,app_store,organic
u_002069,2025-09-20,BR,stripe,paid_social
u_002070,2024-08-27,MX,stripe,organic
u_002071,2024-10-14,IN,play_store,influencer
u_002072,2024-08-02,US,stripe,referral
u_002073,2024-04-23,FR,play_store,referral
u_002074,2024-06-23,IN,play_store,influencer
u_002075,2025-11-19,CA,play_store,organic
u_002076,2025-08-25,US,app_store,paid_search
u_002077,2025-08-06,JP,stripe,paid_search
u_002078,2024-07-15,JP,app_store,influencer
u_002079,2025-09-21,US,play_store,referral
u_002080,2024-01-03,FR,play_store,organic
u_002081,2024-11-26,DE,stripe,paid_search
u_002082,2024-05-04,CA,play_store,paid_search
u_002083,2025-06-13,AU,stripe,paid_social
u_002084,2024-02-18,US,app_store,referral
u_002085,2024-11-19,US,app_store,organic
u_002086,2025-08-08,JP,stripe,paid_social
u_002087,2025-12-07,DE,app_store,paid_social
u_002088,2024-07-20,US,app_store,organic
u_002089,2024-01-29,DE,stripe,influencer
u_002090,2025-10-03,FR,stripe,paid_social
u_002091,2024-04-20,DE,stripe,organic
u_002092,2024-12-07,IN,app_store,organic
u_002093,2025-09-06,BR,play_store,referral
u_002094,2025-08-15,US,stripe,organic
u_002095,2025-01-21,GB,stripe,organic
u_002096,2024-05-10,US,stripe,organic
u_002097,2024-11-04,BR,app_store,organic
u_002098,2025-11-24,US,app_store,referral
u_002099,2025-02-15,US,play_store,paid_social
u_002100,2025-09-05,AU,play_store,referral
u_002101,2025-01-28,DE,app_store,influencer
u_002102,2025-09-26,US,play_store,organic
u_002103,2025-04-09,IN,play_store,organic
u_002104,2024-04-15,US,play_store,influencer
u_002105,2024-07-17,FR,app_store,influencer
u_002106,2024-09-19,GB,play_store,influencer
u_002107,2025-03-31,US,app_store,organic
u_002108,2024-03-02,US,play_store,influencer
u_002109,2025-10-29,AU,app_store,influencer
u_002110,2024-05-29,US,app_store,paid_search
u_002111,2024-10-25,GB,app_store,influencer
u_002112,2025-11-04,BR,app_store,influencer
u_002113,2025-07-26,JP,app_store,paid_social
u_002114,2024-07-24,BR,app_store,organic
u_002115,2024-12-15,US,play_store,referral
u_002116,2025-09-06,CA,stripe,influencer
u_002117,2024-12-09,BR,app_store,paid_social
u_002118,2024-04-17,DE,play_store,organic
u_002119,2025-05-22,US,app_store,paid_social
u_002120,2025-12-10,US,play_store,paid_social
u_002121,2025-05-07,CA,stripe,paid_search
u_002122,2025-01-19,US,app_store,organic
u_002123,2025-01-06,US,app_store,influencer
u_002124,2024-04-27,US,app_store,influencer
u_002125,2025-01-03,US,app_store,paid_social
u_002126,2024-10-17,US,stripe,paid_social
u_002127,2024-12-13,JP,app_store,paid_social
u_002128,2024-01-23,US,app_store,organic
u_002129,2024-01-22,JP,app_store,organic
u_002130,2024-12-12,FR,app_store,paid_social
u_002131,2025-01-13,JP,play_store,influencer
u_002132,2025-09-30,FR,stripe,organic
u_002133,2024-05-01,US,stripe,paid_social
u_002134,2024-07-15,IN,play_store,paid_search
u_002135,2025-09-05,DE,play_store,organic
u_002136,2025-09-22,IN,stripe,paid_search
u_002137,2024-06-01,GB,app_store,paid_search
u_002138,2024-05-09,JP,stripe,referral
u_002139,2024-08-02,CA,play_store,influencer
u_002140,2024-03-07,US,app_store,influencer
u_002141,2025-01-18,IN,play_store,paid_search
u_002142,2025-01-17,IN,play_store,referral
u_002143,2025-04-30,US,app_store,influencer
u_002144,2025-10-27,US,app_store,paid_social
u_002145,2025-04-07,FR,app_store,paid_search
u_002146,2025-03-11,FR,play_store,paid_search
u_002147,2024-09-17,IN,app_store,organic
u_002148,2024-10-29,DE,app_store,influencer
u_002149,2024-02-12,DE,play_store,referral
u_002150,2025-04-06,DE,app_store,referral
u_002151,2024-11-20,US,app_store,referral
u_002152,2024-08-27,US,app_store,organic
u_002153,2024-10-28,JP,play_store,organic
u_002154,2024-10-10,FR,app_store,organic
u_002155,2025-01-03,US,app_store,paid_social
u_002156,2025-11-22,GB,app_store,paid_search
u_002157,2024-07-14,CA,stripe,influencer
u_002158,2024-09-24,US,app_store,paid_search
u_002159,2025-02-17,MX,stripe,organic
u_002160,2025-04-28,BR,stripe,paid_social
u_002161,2025-02-11,US,play_store,paid_social
u_002162,2025-04-30,US,play_store,influencer
u_002163,2025-04-24,CA,play_store,organic
u_002164,2024-11-16,JP,app_store,referral
u_002165,2024-08-02,DE,stripe,organic
u_002166,2025-01-18,US,stripe,paid_search
u_002167,2024-01-10,IN,play_store,paid_search
u_002168,2024-12-13,US,app_store,referral
u_002169,2025-12-08,IN,app_store,organic
u_002170,2025-08-04,AU,stripe,paid_social
u_002171,2024-12-04,IN,play_store,influencer
u_002172,2025-08-10,FR,stripe,paid_social
u_002173,2025-02-04,US,app_store,referral
u_002174,2024-04-21,GB,stripe,paid_search
u_002175,2024-04-05,US,play_store,paid_social
u_002176,2024-02-02,JP,play_store,organic
u_002177,2024-07-10,US,stripe,referral
u_002178,2024-10-17,US,app_store,influencer
u_002179,2024-03-12,DE,app_store,organic
u_002180,2024-06-24,GB,stripe,referral
u_002181,2024-06-09,MX,app_store,referral
u_002182,2025-05-04,AU,app_store,paid_social
u_002183,2024-05-13,FR,app_store,referral
u_002184,2024-06-11,BR,stripe,influencer
u_002185,2024-07-26,IN,play_store,paid_search
u_002186,2024-07-25,US,app_store,organic
u_002187,2025-02-12,BR,app_store,paid_search
u_002188,2025-08-05,FR,play_store,influencer
u_002189,2024-02-10,CA,app_store,referral
u_002190,2024-12-21,CA,play_store,paid_search
u_002191,2025-02-04,BR,stripe,paid_social
u_002192,2025-03-01,US,stripe,referral
u_002193,2025-04-13,GB,play_store,influencer
u_002194,2024-04-07,GB,stripe,paid_social
u_002195,2024-06-10,US,play_store,paid_search
u_002196,2025-11-13,FR,play_store,paid_social
u_002197,2025-05-20,DE,play_store,organic
u_002198,2025-01-12,US,app_store,paid_search
u_002199,2025-02-23,DE,app_store,influencer
u_002200,2024-02-15,DE,app_store,referral
u_002201,2025-01-25,GB,app_store,paid_social
u_002202,2025-02-10,US,app_store,paid_social
u_002203,2024-11-30,BR,play_store,referral
u_002204,2024-03-10,US,play_store,referral
u_002205,2024-05-23,DE,app_store,paid_social
u_002206,2024-06-23,JP,play_store,paid_social
u_002207,2024-10-28,US,play_store,paid_social
u_002208,2024-03-20,BR,app_store,paid_search
u_002209,2024-06-06,DE,app_store,organic
u_002210,2025-11-22,IN,app_store,organic
u_002211,2025-10-12,JP,play_store,organic
u_002212,2025-02-03,CA,app_store,influencer
u_002213,2024-01-05,US,app_store,paid_social
u_002214,2024-09-12,GB,app_store,organic
u_002215,2024-01-17,DE,stripe,paid_search
u_002216,2024-07-15,BR,app_store,organic
u_002217,2025-11-11,US,app_store,referral
u_002218,2025-06-08,US,app_store,influencer
u_002219,2025-10-03,US,app_store,influencer
u_002220,2025-02-08,FR,app_store,paid_social
u_002221,2024-04-18,GB,app_store,referral
u_002222,2025-10-31,GB,app_store,referral
u_002223,2024-08-13,US,stripe,influencer
u_002224,2025-01-12,US,stripe,referral
u_002225,2024-11-04,AU,play_store,organic
u_002226,2025-07-03,AU,stripe,influencer
u_002227,2024-06-24,US,app_store,paid_search
u_002228,2025-10-08,CA,play_store,paid_social
u_002229,2024-12-06,US,play_store,paid_search
u_002230,2025-11-13,IN,app_store,influencer
u_002231,2025-08-22,DE,play_store,paid_social
u_002232,2025-05-30,IN,stripe,paid_social
u_002233,2024-01-22,BR,stripe,paid_search
u_002234,2024-08-30,CA,play_store,influencer
u_002235,2024-03-22,US,app_store,paid_search
u_002236,2024-07-25,US,app_store,organic
u_002237,2024-08-31,FR,play_store,referral
u_002238,2024-12-02,US,app_store,organic
u_002239,2025-06-17,AU,app_store,paid_search
u_002240,2024-01-25,US,play_store,paid_search
u_002241,2024-09-05,US,app_store,paid_social
u_002242,2025-12-04,CA,app_store,referral
u_002243,2025-06-17,GB,app_store,organic
u_002244,2024-03-07,FR,app_store,paid_social
u_002245,2024-02-23,BR,app_store,paid_social
u_002246,2024-05-08,US,play_store,paid_social
u_002247,2024-08-29,IN,app_store,referral
u_002248,2024-11-14,US,app_store,referral
u_002249,2024-06-29,BR,app_store,influencer
u_002250,2025-04-04,MX,app_store,referral
u_002251,2024-03-22,MX,app_store,referral
u_002252,2024-06-20,DE,app_store,influencer
u_002253,2025-03-19,AU,stripe,referral
u_002254,2024-01-21,AU,app_store,organic
u_002255,2024-11-03,IN,app_store,paid_social
u_002256,2024-09-20,GB,app_store,paid_search
u_002257,2025-01-19,IN,play_store,paid_search
u_002258,2024-05-19,CA,app_store,paid_social
u_002259,2024-01-05,US,play_store,paid_search
u_002260,2025-05-18,DE,app_store,referral
u_002261,2025-01-17,GB,app_store,influencer
u_002262,2024-03-13,DE,app_store,organic
u_002263,2025-01-29,FR,app_store,referral
u_002264,2024-09-18,AU,play_store,paid_search
u_002265,2025-06-05,CA,play_store,paid_search
u_002266,2025-12-14,US,app_store,referral
u_002267,2024-09-09,US,app_store,paid_search
u_002268,2025-10-08,CA,app_store,paid_social
u_002269,2024-09-24,BR,stripe,paid_social
u_002270,2024-09-17,US,play_store,paid_social
u_002271,2024-01-13,US,app_store,referral
u_002272,2025-02-11,CA,stripe,organic
u_002273,2025-06-14,FR,stripe,paid_social
u_002274,2025-03-13,US,app_store,influencer
u_002275,2025-11-05,FR,play_store,referral
u_002276,2024-04-01,US,play_store,paid_search
u_002277,2024-05-26,US,app_store,referral
u_002278,2025-12-16,GB,stripe,referral
u_002279,2024-01-02,US,play_store,referral
u_002280,2025-06-21,DE,app_store,referral
u_002281,2024-06-23,US,app_store,paid_social
u_002282,2024-07-21,IN,play_store,organic
u_002283,2025-04-06,IN,app_store,paid_social
u_002284,2024-03-01,AU,stripe,paid_social
u_002285,2024-09-22,MX,stripe,referral
u_002286,2025-10-03,FR,app_store,paid_social
u_002287,2024-03-22,US,app_store,paid_search
u_002288,2024-03-06,GB,play_store,referral
u_002289,2025-05-11,BR,app_store,organic
u_002290,2024-09-29,AU,app_store,influencer
u_002291,2024-02-12,US,play_store,organic
u_002292,2025-01-19,BR,stripe,paid_search
u_002293,2025-05-12,DE,app_store,referral
u_002294,2024-12-10,GB,stripe,paid_search
u_002295,2024-09-02,MX,play_store,referral
u_002296,2025-09-17,US,app_store,paid_search
u_002297,2024-04-12,US,stripe,referral
u_002298,2024-05-22,US,app_store,influencer
u_002299,2024-10-13,MX,play_store,paid_social
u_002300,2025-01-12,DE,play_store,referral
u_002301,2025-06-11,DE,app_store,paid_search
u_002302,2024-01-18,BR,stripe,paid_search
u_002303,2025-11-25,DE,play_store,referral
u_002304,2025-09-19,AU,app_store,referral
u_002305,2025-11-05,JP,stripe,referral
u_002306,2024-10-27,BR,play_store,influencer
u_002307,2025-08-08,AU,play_store,organic
u_002308,2024-05-10,IN,app_store,influencer
u_002309,2025-04-23,US,app_store,organic
u_002310,2025-05-08,BR,app_store,paid_social
u_002311,2024-06-23,AU,play_store,organic
u_002312,2024-04-18,DE,play_store,paid_social
u_002313,2024-11-30,FR,play_store,paid_social
u_002314,2024-09-20,BR,stripe,organic
u_002315,2025-11-12,US,play_store,referral
u_002316,2024-04-02,AU,app_store,paid_social
u_002317,2025-08-12,AU,play_store,paid_search
u_002318,2025-01-21,FR,play_store,referral
u_002319,2025-10-31,BR,play_store,referral
u_002320,2024-08-26,US,app_store,organic
u_002321,2024-04-24,US,play_store,paid_social
u_002322,2024-04-28,IN,app_store,paid_search
u_002323,2025-01-24,IN,app_store,organic
u_002324,2025-08-27,IN,stripe,referral
u_002325,2024-11-23,AU,play_store,paid_social
u_002326,2025-06-16,BR,play_store,organic
u_002327,2025-02-08,US,stripe,paid_search
u_002328,2024-05-28,JP,app_store,paid_social
u_002329,2025-05-26,BR,app_store,paid_search
u_002330,2024-05-29,AU,stripe,organic
u_002331,2025-09-05,GB,play_store,organic
u_002332,2024-10-07,MX,play_store,referral
u_002333,2025-10-08,JP,play_store,referral
u_002334,2024-03-01,MX,app_store,paid_social
u_002335,2024-08-18,CA,app_store,paid_social
u_002336,2025-05-14,CA,app_store,paid_social
u_002337,2024-01-23,IN,app_store,referral
u_002338,2024-12-22,AU,app_store,influencer
u_002339,2024-10-16,US,stripe,influencer
u_002340,2025-02-07,US,app_store,influencer
u_002341,2024-02-25,JP,play_store,referral
u_002342,2025-11-01,US,app_store,referral
u_002343,2024-10-25,FR,app_store,paid_social
u_002344,2025-10-28,US,play_store,influencer
u_002345,2024-04-14,BR,stripe,paid_social
u_002346,2025-01-20,MX,app_store,paid_social
u_002347,2024-02-27,US,stripe,paid_social
u_002348,2024-02-23,US,play_store,paid_search
u_002349,2025-08-30,DE,app_store,referral
u_002350,2024-09-07,US,app_store,referral
u_002351,2024-11-05,CA,stripe,referral
u_002352,2025-12-09,MX,play_store,organic
u_002353,2025-04-19,FR,play_store,paid_search
u_002354,2025-10-09,BR,app_store,organic
u_002355,2024-04-29,US,play_store,influencer
u_002356,2024-08-18,US,play_store,influencer
u_002357,2025-05-06,US,play_store,influencer
u_002358,2024-07-04,GB,stripe,referral
u_002359,2024-11-01,IN,app_store,organic
u_002360,2025-07-04,US,stripe,organic
u_002361,2025-02-07,IN,play_store,influencer
u_002362,2025-05-15,US,stripe,influencer
u_002363,2025-10-29,US,play_store,organic
u_002364,2024-07-04,FR,play_store,organic
u_002365,2025-07-22,DE,app_store,organic
u_002366,2024-05-11,IN,play_store,organic
u_002367,2025-07-29,US,play_store,organic
u_002368,2024-05-07,IN,app_store,influencer
u_002369,2024-06-24,DE,stripe,organic
u_002370,2024-09-11,GB,stripe,influencer
u_002371,2024-10-27,BR,app_store,influencer
u_002372,2025-05-17,CA,play_store,paid_search
u_002373,2025-09-12,IN,app_store,organic
u_002374,2025-11-09,JP,app_store,paid_social
u_002375,2024-05-25,US,stripe,paid_social
u_002376,2025-09-08,IN,play_store,paid_search
u_002377,2024-05-11,CA,app_store,influencer
u_002378,2024-09-18,US,play_store,paid_social
u_002379,2025-02-13,DE,stripe,referral
u_002380,2025-12-12,US,app_store,paid_search
u_002381,2025-10-10,CA,app_store,paid_search
u_002382,2025-07-31,BR,stripe,influencer
u_002383,2024-06-16,DE,app_store,referral
u_002384,2025-01-23,US,play_store,organic
u_002385,2024-10-03,US,app_store,influencer
u_002386,2025-02-20,US,play_store,paid_search
u_002387,2024-12-07,AU,app_store,paid_social
u_002388,2024-10-07,US,app_store,paid_social
u_002389,2025-01-22,MX,play_store,organic
u_002390,2024-06-28,IN,stripe,influencer
u_002391,2025-05-16,US,app_store,influencer
u_002392,2024-10-15,IN,play_store,organic
u_002393,2024-06-23,GB,play_store,paid_social
u_002394,2024-12-19,JP,play_store,influencer
u_002395,2025-07-18,IN,stripe,referral
u_002396,2025-08-29,US,app_store,influencer
u_002397,2024-06-08,BR,app_store,influencer
u_002398,2024-09-30,US,play_store,paid_search
u_002399,2024-09-12,BR,app_store,referral
u_002400,2024-07-06,DE,app_store,referral
u_002401,2025-05-29,US,stripe,influencer
u_002402,2024-08-22,GB,stripe,paid_search
u_002403,2025-02-20,AU,stripe,organic
u_002404,2024-03-19,CA,stripe,paid_social
u_002405,2025-08-12,US,play_store,influencer
u_002406,2025-05-19,JP,app_store,referral
u_002407,2025-11-24,IN,play_store,referral
u_002408,2025-05-24,IN,stripe,influencer
u_002409,2025-12-15,US,app_store,paid_social
u_002410,2024-01-08,CA,play_store,paid_search
u_002411,2024-09-07,MX,play_store,influencer
u_002412,2025-12-01,BR,play_store,paid_social
u_002413,2025-11-21,FR,play_store,paid_social
u_002414,2024-06-28,US,stripe,influencer
u_002415,2024-12-27,MX,app_store,referral
u_002416,2024-06-23,GB,app_store,paid_social
u_002417,2025-07-06,JP,stripe,paid_search
u_002418,2024-11-02,IN,app_store,organic
u_002419,2025-10-08,IN,app_store,paid_search
u_002420,2025-10-20,IN,stripe,referral
u_002421,2025-09-24,JP,app_store,organic
u_002422,2025-09-22,DE,app_store,organic
u_002423,2024-01-06,GB,play_store,referral
u_002424,2024-12-29,US,app_store,paid_social
u_002425,2024-03-27,IN,stripe,referral
u_002426,2024-05-06,FR,app_store,paid_search
u_002427,2024-08-19,DE,app_store,paid_search
u_002428,2025-03-14,FR,play_store,paid_search
u_002429,2024-04-21,MX,play_store,referral
u_002430,2024-06-14,US,play_store,organic
u_002431,2025-01-02,FR,play_store,organic
u_002432,2024-07-13,US,app_store,referral
u_002433,2024-12-05,FR,app_store,paid_social
u_002434,2025-05-05,MX,stripe,organic
u_002435,2025-03-07,IN,play_store,paid_social
u_002436,2024-11-28,AU,play_store,referral
u_002437,2025-05-28,CA,play_store,referral
u_002438,2024-05-14,US,app_store,organic
u_002439,2024-05-09,US,play_store,paid_social
u_002440,2024-02-23,BR,app_store,influencer
u_002441,2024-01-09,DE,app_store,referral
u_002442,2024-03-25,AU,app_store,paid_social
u_002443,2025-06-07,US,app_store,organic
u_002444,2024-09-26,MX,app_store,referral
u_002445,2024-07-22,DE,play_store,organic
u_002446,2025-05-29,BR,app_store,influencer
u_002447,2025-10-06,BR,app_store,paid_social
u_002448,2025-02-14,US,stripe,paid_social
u_002449,2025-03-12,US,app_store,organic
u_002450,2025-01-24,DE,app_store,paid_social
u_002451,2024-08-15,GB,play_store,influencer
u_002452,2025-03-13,BR,app_store,paid_search
u_002453,2025-01-07,US,app_store,referral
u_002454,2024-09-09,GB,app_store,organic
u_002455,2024-01-01,US,play_store,paid_social
u_002456,2024-10-19,DE,stripe,organic
u_002457,2025-03-17,US,stripe,paid_search
u_002458,2024-12-08,GB,app_store,organic
u_002459,2025-11-30,IN,stripe,paid_search
u_002460,2025-01-04,AU,app_store,influencer
u_002461,2025-06-25,BR,app_store,paid_search
u_002462,2024-08-03,IN,app_store,organic
u_002463,2024-05-13,BR,play_store,organic
u_002464,2025-08-23,MX,stripe,paid_social
u_002465,2024-07-16,CA,stripe,organic
u_002466,2025-07-13,BR,app_store,referral
u_002467,2024-07-25,IN,app_store,paid_social
u_002468,2024-07-15,DE,play_store,influencer
u_002469,2024-12-21,FR,app_store,organic
u_002470,2025-03-22,US,app_store,influencer
u_002471,2024-01-23,US,app_store,paid_social
u_002472,2024-10-23,US,play_store,paid_social
u_002473,2025-02-11,IN,play_store,influencer
u_002474,2024-03-17,US,play_store,referral
u_002475,2025-07-29,AU,app_store,paid_search
u_002476,2024-07-30,US,app_store,paid_social
u_002477,2025-08-29,CA,stripe,influencer
u_002478,2025-04-11,IN,play_store,paid_search
u_002479,2024-11-06,JP,app_store,paid_search
u_002480,2025-07-19,US,app_store,influencer
u_002481,2024-08-31,US,play_store,paid_search
u_002482,2024-05-16,US,play_store,paid_social
u_002483,2024-08-03,IN,app_store,paid_search
u_002484,2025-10-09,BR,app_store,organic
u_002485,2025-07-16,US,app_store,influencer
u_002486,2024-10-28,GB,app_store,organic
u_002487,2024-12-30,US,stripe,paid_social
u_002488,2024-09-19,MX,play_store,influencer
u_002489,2024-04-18,CA,play_store,paid_search
u_002490,2025-10-03,BR,play_store,referral
u_002491,2024-08-13,GB,app_store,referral
u_002492,2024-06-08,DE,play_store,referral
u_002493,2025-01-12,US,play_store,referral
u_002494,2024-07-04,DE,stripe,paid_social
u_002495,2024-07-12,IN,stripe,paid_social
u_002496,2025-10-25,US,app_store,paid_social
u_002497,2025-02-07,CA,app_store,paid_social
u_002498,2024-03-14,DE,play_store,referral
u_002499,2024-04-12,CA,app_store,organic
u_002500,2025-09-09,US,app_store,organic
u_002501,2024-01-14,AU,play_store,organic
u_002502,2024-05-15,US,app_store,paid_social
u_002503,2025-10-04,IN,play_store,organic
u_002504,2024-04-18,IN,stripe,organic
u_002505,2024-07-26,US,play_store,referral
u_002506,2024-06-16,GB,play_store,paid_social
u_002507,2024-02-27,IN,app_store,influencer
u_002508,2024-05-06,US,app_store,influencer
u_002509,2024-10-30,US,stripe,referral
u_002510,2024-05-25,US,app_store,paid_social
u_002511,2025-03-13,GB,app_store,paid_search
u_002512,2024-08-19,FR,play_store,organic
u_002513,2025-05-18,US,app_store,organic
u_002514,2024-10-15,GB,play_store,organic
u_002515,2025-01-04,FR,stripe,organic
u_002516,2025-09-11,US,app_store,paid_search
u_002517,2025-09-06,US,app_store,paid_search
u_002518,2025-10-01,JP,app_store,organic
u_002519,2024-10-04,FR,play_store,paid_search
u_002520,2024-03-19,AU,stripe,paid_social
u_002521,2025-11-02,US,app_store,referral
u_002522,2025-05-04,JP,app_store,referral
u_002523,2024-10-12,US,app_store,paid_social
u_002524,2024-07-05,AU,app_store,referral
u_002525,2025-03-10,IN,stripe,influencer
u_002526,2025-10-13,GB,stripe,paid_social
u_002527,2025-01-27,DE,play_store,influencer
u_002528,2025-05-19,IN,stripe,referral
u_002529,2024-03-26,IN,app_store,influencer
u_002530,2025-12-11,JP,app_store,organic
u_002531,2024-08-28,GB,app_store,organic
u_002532,2025-01-06,IN,stripe,organic
u_002533,2024-03-02,FR,app_store,paid_social
u_002534,2024-10-28,DE,stripe,influencer
u_002535,2025-03-07,US,stripe,organic
u_002536,2024-05-21,US,play_store,paid_social
u_002537,2025-01-21,CA,play_store,referral
u_002538,2025-01-15,US,app_store,influencer
u_002539,2024-03-16,DE,play_store,paid_social
u_002540,2024-01-31,US,app_store,paid_social
u_002541,2024-03-19,US,stripe,referral
u_002542,2024-06-02,AU,play_store,paid_social
u_002543,2025-06-24,CA,app_store,referral
u_002544,2024-12-11,DE,play_store,organic
u_002545,2024-10-20,US,app_store,organic
u_002546,2025-09-10,AU,play_store,organic
u_002547,2025-02-09,JP,play_store,referral
u_002548,2025-07-21,CA,app_store,influencer
u_002549,2025-05-28,GB,app_store,paid_social
u_002550,2024-10-05,MX,play_store,paid_social
u_002551,2024-08-04,DE,app_store,referral
u_002552,2024-07-07,JP,stripe,influencer
u_002553,2024-03-20,JP,play_store,paid_search
u_002554,2025-10-30,BR,stripe,paid_social
u_002555,2024-02-25,JP,play_store,paid_social
u_002556,2024-10-03,US,app_store,influencer
u_002557,2024-12-09,US,app_store,influencer
u_002558,2024-04-19,US,play_store,paid_search
u_002559,2024-07-11,IN,play_store,organic
u_002560,2024-09-03,US,stripe,influencer
u_002561,2024-02-15,IN,play_store,organic
u_002562,2024-02-19,GB,stripe,organic
u_002563,2024-12-31,AU,stripe,influencer
u_002564,2024-07-18,GB,app_store,paid_search
u_002565,2024-05-12,CA,app_store,referral
u_002566,2025-05-30,US,stripe,paid_social
u_002567,2024-01-25,IN,app_store,influencer
u_002568,2024-02-08,US,app_store,referral
u_002569,2024-03-21,FR,app_store,paid_social
u_002570,2024-08-08,JP,play_store,paid_social
u_002571,2025-05-28,IN,play_store,influencer
u_002572,2024-12-15,DE,app_store,paid_search
u_002573,2025-01-03,BR,stripe,organic
u_002574,2025-11-30,GB,app_store,influencer
u_002575,2025-09-13,US,app_store,referral
u_002576,2024-04-09,JP,app_store,paid_search
u_002577,2025-07-14,FR,play_store,organic
u_002578,2025-05-25,US,app_store,paid_search
u_002579,2024-06-14,US,play_store,paid_search
u_002580,2024-04-01,US,play_store,referral
u_002581,2024-09-21,MX,stripe,referral
u_002582,2025-10-27,FR,stripe,influencer
u_002583,2025-05-14,US,stripe,referral
u_002584,2025-02-22,JP,stripe,paid_social
u_002585,2025-03-27,GB,stripe,paid_search
u_002586,2025-01-17,US,app_store,referral
u_002587,2024-09-26,FR,stripe,organic
u_002588,2025-09-27,MX,app_store,paid_social
u_002589,2025-12-17,JP,app_store,organic
u_002590,2024-10-24,GB,play_store,organic
u_002591,2024-08-16,GB,play_store,organic
u_002592,2024-12-23,DE,play_store,referral
u_002593,2024-04-21,US,play_store,referral
u_002594,2025-03-19,US,app_store,paid_search
u_002595,2024-12-16,MX,play_store,referral
u_002596,2024-04-27,US,app_store,paid_social
u_002597,2025-04-26,US,app_store,influencer
u_002598,2024-02-02,MX,play_store,organic
u_002599,2025-01-05,AU,stripe,paid_social
u_002600,2024-02-25,US,app_store,referral
u_002601,2024-10-03,US,app_store,paid_social
u_002602,2024-03-11,US,app_store,referral
u_002603,2025-03-05,IN,play_store,paid_search
u_002604,2024-07-07,JP,app_store,referral
u_002605,2024-12-16,MX,app_store,paid_social
u_002606,2024-12-23,MX,play_store,influencer
u_002607,2025-12-06,AU,stripe,referral
u_002608,2024-12-29,FR,play_store,organic
u_002609,2025-07-28,AU,play_store,organic
u_002610,2025-11-14,IN,app_store,paid_search
u_002611,2024-01-15,US,play_store,paid_social
u_002612,2025-05-26,FR,app_store,referral
u_002613,2024-09-26,IN,app_store,referral
u_002614,2024-05-08,BR,play_store,influencer
u_002615,2024-04-09,US,play_store,paid_social
u_002616,2025-03-06,CA,play_store,influencer
u_002617,2025-01-21,US,app_store,paid_social
u_002618,2025-11-26,IN,app_store,paid_search
u_002619,2024-01-17,GB,app_store,organic
u_002620,2025-12-17,IN,stripe,referral
u_002621,2025-02-24,GB,stripe,referral
u_002622,2025-06-19,MX,app_store,paid_social
u_002623,2025-04-14,DE,app_store,influencer
u_002624,2024-06-15,IN,app_store,referral
u_002625,2025-10-11,US,play_store,organic
u_002626,2024-03-30,JP,app_store,organic
u_002627,2025-09-23,FR,app_store,influencer
u_002628,2025-07-11,US,app_store,influencer
u_002629,2024-02-03,BR,stripe,paid_social
u_002630,2024-08-16,AU,play_store,organic
u_002631,2024-07-19,JP,stripe,paid_search
u_002632,2025-04-20,DE,stripe,referral
u_002633,2024-01-08,FR,play_store,influencer
u_002634,2024-10-17,US,play_store,paid_search
u_002635,2025-02-28,BR,app_store,referral
u_002636,2024-02-03,US,app_store,paid_search
u_002637,2025-06-15,JP,play_store,paid_search
u_002638,2024-06-23,MX,stripe,paid_social
u_002639,2025-07-23,MX,app_store,referral
u_002640,2024-02-22,JP,play_store,paid_social
u_002641,2025-10-13,GB,play_store,referral
u_002642,2024-11-21,IN,app_store,organic
u_002643,2024-05-09,IN,play_store,referral
u_002644,2025-10-04,FR,stripe,paid_social
u_002645,2024-11-26,US,app_store,referral
u_002646,2024-01-12,BR,play_store,organic
u_002647,2025-09-24,CA,stripe,organic
u_002648,2025-08-08,GB,play_store,paid_social
u_002649,2025-04-09,BR,play_store,paid_social
u_002650,2024-09-02,BR,app_store,paid_social
u_002651,2025-07-02,JP,play_store,referral
u_002652,2024-09-23,BR,app_store,paid_social
u_002653,2025-10-04,US,stripe,organic
u_002654,2024-04-23,DE,play_store,organic
u_002655,2024-05-25,US,stripe,organic
u_002656,2024-03-20,IN,app_store,paid_social
u_002657,2025-02-04,US,play_store,referral
u_002658,2024-03-16,IN,play_store,paid_social
u_002659,2025-12-04,DE,stripe,referral
u_002660,2024-06-13,US,app_store,paid_social
u_002661,2025-11-06,IN,play_store,organic
u_002662,2024-04-30,MX,stripe,referral
u_002663,2025-09-20,IN,app_store,influencer
u_002664,2024-09-17,FR,app_store,organic
u_002665,2025-07-02,US,play_store,paid_social
u_002666,2024-08-09,FR,app_store,paid_social
u_002667,2024-01-31,GB,app_store,paid_social
u_002668,2024-10-01,US,app_store,organic
u_002669,2024-12-22,CA,play_store,referral
u_002670,2025-05-22,DE,stripe,paid_social
u_002671,2024-09-13,US,play_store,paid_search
u_002672,2025-02-06,US,play_store,influencer
u_002673,2024-11-15,US,app_store,referral
u_002674,2025-03-19,FR,app_store,paid_search
u_002675,2024-11-22,BR,play_store,referral
u_002676,2024-07-23,IN,app_store,organic
u_002677,2025-04-05,US,app_store,influencer
u_002678,2024-09-16,IN,app_store,influencer
u_002679,2024-12-26,GB,app_store,paid_search
u_002680,2025-03-15,AU,app_store,organic
u_002681,2024-08-08,BR,app_store,paid_search
u_002682,2024-05-05,US,play_store,paid_search
u_002683,2024-08-06,DE,play_store,paid_social
u_002684,2025-07-29,US,app_store,paid_social
u_002685,2025-06-23,US,play_store,influencer
u_002686,2025-11-18,US,stripe,referral
u_002687,2025-11-29,AU,app_store,paid_search
u_002688,2024-07-21,US,stripe,referral
u_002689,2024-02-17,MX,app_store,organic
u_002690,2025-04-08,US,app_store,referral
u_002691,2024-08-30,IN,app_store,influencer
u_002692,2024-01-05,FR,app_store,referral
u_002693,2024-02-07,FR,stripe,organic
u_002694,2024-12-11,BR,app_store,organic
u_002695,2025-03-01,CA,app_store,paid_search
u_002696,2025-02-13,US,play_store,referral
u_002697,2025-09-19,US,app_store,referral
u_002698,2025-05-20,JP,stripe,organic
u_002699,2025-01-17,FR,app_store,paid_social
u_002700,2024-02-18,JP,app_store,paid_search
u_002701,2025-12-05,CA,app_store,organic
u_002702,2024-07-14,CA,stripe,influencer
u_002703,2024-01-06,FR,stripe,paid_search
u_002704,2024-02-14,US,stripe,organic
u_002705,2024-09-27,GB,play_store,referral
u_002706,2024-10-03,CA,stripe,influencer
u_002707,2025-04-16,US,app_store,paid_social
u_002708,2025-08-21,FR,stripe,referral
u_002709,2025-10-14,DE,app_store,influencer
u_002710,2024-09-03,IN,play_store,paid_search
u_002711,2024-11-25,AU,play_store,organic
u_002712,2024-09-27,AU,play_store,paid_search
u_002713,2025-07-25,JP,app_store,paid_social
u_002714,2025-12-12,US,stripe,organic
u_002715,2024-08-05,US,app_store,referral
u_002716,2024-07-11,IN,app_store,influencer
u_002717,2025-06-24,IN,app_store,paid_search
u_002718,2025-04-09,BR,stripe,organic
u_002719,2024-05-13,US,app_store,referral
u_002720,2025-09-27,IN,play_store,paid_social
u_002721,2024-03-11,US,app_store,paid_search
u_002722,2025-08-14,BR,app_store,organic
u_002723,2024-04-22,US,stripe,paid_social
u_002724,2024-09-30,US,play_store,referral
u_002725,2024-12-26,US,stripe,organic
u_002726,2024-12-28,DE,app_store,influencer
u_002727,2025-03-17,IN,app_store,paid_search
u_002728,2025-01-13,US,play_store,referral
u_002729,2024-07-17,US,app_store,influencer
u_002730,2024-10-09,IN,play_store,referral
u_002731,2024-04-21,CA,play_store,organic
u_002732,2024-08-12,US,stripe,influencer
u_002733,2024-09-29,US,play_store,paid_search
u_002734,2024-08-19,FR,play_store,referral
u_002735,2025-02-05,GB,app_store,paid_search
u_002736,2025-05-22,US,play_store,paid_search
u_002737,2025-10-14,US,play_store,organic
u_002738,2024-04-06,US,stripe,influencer
u_002739,2025-05-03,CA,stripe,paid_social
u_002740,2024-06-23,GB,app_store,paid_social
u_002741,2024-12-06,FR,app_store,organic
u_002742,2025-11-13,DE,app_store,paid_social
u_002743,2024-09-27,FR,app_store,organic
u_002744,2025-08-31,GB,play_store,organic
u_002745,2025-05-15,FR,play_store,organic
u_002746,2024-01-18,IN,stripe,paid_social
u_002747,2025-06-21,IN,play_store,organic
u_002748,2024-04-12,GB,play_store,referral
u_002749,2025-05-17,CA,stripe,paid_search
u_002750,2025-11-10,IN,app_store,organic
u_002751,2024-12-27,GB,app_store,influencer
u_002752,2025-11-10,JP,stripe,influencer
u_002753,2025-05-10,US,play_store,organic
u_002754,2024-05-31,MX,stripe,paid_social
u_002755,2024-12-31,IN,app_store,referral
u_002756,2025-01-03,US,app_store,referral
u_002757,2025-10-16,US,app_store,influencer
u_002758,2025-04-05,MX,stripe,paid_social
u_002759,2024-09-28,FR,app_store,paid_search
u_002760,2025-02-04,IN,stripe,paid_search
u_002761,2024-11-12,US,play_store,paid_search
u_002762,2025-09-19,US,play_store,influencer
u_002763,2024-12-21,US,stripe,referral
u_002764,2025-12-02,US,play_store,influencer
u_002765,2024-10-23,BR,play_store,paid_search
u_002766,2025-05-13,US,play_store,organic
u_002767,2025-04-09,US,app_store,influencer
u_002768,2024-05-06,US,app_store,referral
u_002769,2024-12-26,BR,app_store,paid_search
u_002770,2024-05-21,GB,app_store,influencer
u_002771,2025-11-12,MX,play_store,organic
u_002772,2024-10-04,US,play_store,referral
u_002773,2025-08-22,FR,app_store,organic
u_002774,2025-04-29,FR,app_store,referral
u_002775,2025-03-08,GB,stripe,paid_search
u_002776,2024-11-05,IN,app_store,referral
u_002777,2025-11-26,FR,stripe,paid_social
u_002778,2025-11-30,AU,app_store,referral
u_002779,2025-07-21,US,app_store,paid_search
u_002780,2025-08-03,FR,play_store,paid_social
u_002781,2025-01-19,AU,stripe,organic
u_002782,2024-05-21,IN,play_store,influencer
u_002783,2025-12-02,CA,play_store,referral
u_002784,2025-04-22,DE,app_store,organic
u_002785,2025-07-26,US,play_store,organic
u_002786,2024-05-23,BR,app_store,paid_social
u_002787,2025-08-17,IN,app_store,influencer
u_002788,2025-08-02,FR,app_store,referral
u_002789,2024-05-08,DE,app_store,influencer
u_002790,2025-04-16,JP,app_store,paid_search
u_002791,2025-10-27,US,play_store,paid_search
u_002792,2025-08-02,IN,app_store,organic
u_002793,2024-05-04,AU,play_store,organic
u_002794,2024-07-28,IN,play_store,referral
u_002795,2024-05-19,US,play_store,paid_social
u_002796,2024-11-04,BR,play_store,organic
u_002797,2025-05-11,BR,app_store,organic
u_002798,2024-01-01,US,stripe,influencer
u_002799,2024-04-09,US,app_store,organic
u_002800,2025-06-01,DE,app_store,organic
u_002801,2024-11-03,DE,stripe,paid_social
u_002802,2025-07-13,US,play_store,referral
u_002803,2025-11-04,BR,app_store,organic
u_002804,2024-07-08,US,play_store,paid_social
u_002805,2024-06-23,IN,play_store,paid_social
u_002806,2025-05-02,IN,app_store,organic
u_002807,2025-08-25,IN,play_store,referral
u_002808,2025-01-30,CA,app_store,referral
u_002809,2025-03-11,US,app_store,organic
u_002810,2025-07-31,GB,play_store,organic
u_002811,2025-10-22,BR,play_store,referral
u_002812,2024-02-13,FR,app_store,paid_social
u_002813,2025-04-24,FR,play_store,organic
u_002814,2024-06-11,GB,stripe,influencer
u_002815,2024-08-03,GB,play_store,referral
u_002816,2025-06-09,US,play_store,paid_search
u_002817,2025-11-02,CA,app_store,paid_social
u_002818,2024-10-12,AU,play_store,referral
u_002819,2024-03-10,FR,play_store,referral
u_002820,2025-04-28,BR,app_store,influencer
u_002821,2025-11-05,IN,app_store,paid_search
u_002822,2025-08-25,MX,app_store,influencer
u_002823,2025-02-17,US,app_store,paid_social
u_002824,2024-08-25,US,app_store,referral
u_002825,2024-11-27,AU,stripe,paid_social
u_002826,2024-04-17,FR,app_store,referral
u_002827,2025-03-06,FR,app_store,paid_search
u_002828,2024-04-27,US,play_store,referral
u_002829,2025-01-18,BR,stripe,paid_social
u_002830,2024-11-24,US,app_store,paid_social
u_002831,2025-10-14,IN,app_store,paid_search
u_002832,2025-05-17,DE,app_store,paid_social
u_002833,2024-06-14,DE,play_store,paid_social
u_002834,2024-03-29,IN,play_store,organic
u_002835,2024-07-27,US,app_store,organic
u_002836,2025-01-03,AU,play_store,organic
u_002837,2024-12-14,US,play_store,influencer
u_002838,2025-05-23,US,app_store,referral
u_002839,2025-05-27,GB,play_store,influencer
u_002840,2024-05-21,JP,app_store,referral
u_002841,2024-03-13,IN,app_store,influencer
u_002842,2024-11-01,US,play_store,organic
u_002843,2025-09-07,IN,app_store,paid_search
u_002844,2024-09-14,GB,app_store,paid_social
u_002845,2024-10-21,US,play_store,influencer
u_002846,2025-09-17,IN,app_store,organic
u_002847,2025-07-13,CA,app_store,referral
u_002848,2024-09-26,BR,app_store,referral
u_002849,2024-09-24,US,stripe,organic
u_002850,2024-05-22,US,stripe,paid_search
u_002851,2025-11-10,FR,app_store,referral
u_002852,2024-03-15,JP,play_store,influencer
u_002853,2024-02-06,GB,app_store,referral
u_002854,2025-09-04,CA,stripe,influencer
u_002855,2025-05-05,MX,app_store,organic
u_002856,2024-04-16,US,play_store,paid_search
u_002857,2025-03-17,DE,play_store,paid_social
u_002858,2024-01-22,FR,app_store,paid_social
u_002859,2025-07-01,BR,app_store,organic
u_002860,2025-07-19,IN,app_store,referral
u_002861,2025-12-13,US,play_store,influencer
u_002862,2024-05-21,US,app_store,influencer
u_002863,2025-01-11,GB,app_store,organic
u_002864,2024-08-31,US,play_store,paid_social
u_002865,2025-02-26,AU,stripe,influencer
u_002866,2025-08-04,US,stripe,paid_social
u_002867,2024-02-28,US,app_store,paid_social
u_002868,2024-10-16,US,app_store,paid_social
u_002869,2024-10-26,US,app_store,organic
u_002870,2025-11-03,US,app_store,influencer
u_002871,2024-07-29,IN,play_store,paid_search
u_002872,2024-08-13,DE,app_store,paid_search
u_002873,2025-07-18,US,play_store,influencer
u_002874,2024-09-30,GB,play_store,organic
u_002875,2024-02-25,GB,app_store,influencer
u_002876,2025-05-12,US,app_store,paid_social
u_002877,2025-06-17,US,play_store,paid_social
u_002878,2024-05-05,GB,stripe,paid_social
u_002879,2024-02-06,MX,play_store,referral
u_002880,2024-04-26,US,stripe,paid_search
u_002881,2024-10-11,IN,app_store,organic
u_002882,2024-03-02,US,play_store,referral
u_002883,2024-01-20,FR,app_store,organic
u_002884,2024-08-17,US,app_store,referral
u_002885,2025-06-29,US,app_store,influencer
u_002886,2024-12-22,FR,stripe,paid_search
u_002887,2024-09-25,JP,play_store,organic
u_002888,2024-12-15,CA,play_store,referral
u_002889,2024-02-28,JP,play_store,paid_search
u_002890,2025-07-01,DE,play_store,influencer
u_002891,2025-06-15,US,stripe,referral
u_002892,2024-08-31,US,app_store,paid_search
u_002893,2024-03-28,MX,play_store,paid_search
u_002894,2024-12-11,IN,app_store,paid_search
u_002895,2025-01-05,US,app_store,influencer
u_002896,2024-01-13,US,play_store,paid_search
u_002897,2024-09-27,JP,app_store,organic
u_002898,2025-03-26,US,app_store,paid_search
u_002899,2025-05-06,BR,play_store,referral
u_002900,2024-02-29,IN,app_store,influencer
u_002901,2025-07-18,GB,app_store,paid_social
u_002902,2024-09-21,AU,app_store,referral
u_002903,2024-05-10,US,app_store,influencer
u_002904,2025-11-02,US,app_store,organic
u_002905,2024-07-07,CA,stripe,influencer
u_002906,2024-11-20,US,play_store,organic
u_002907,2024-09-22,MX,app_store,paid_search
u_002908,2025-07-07,CA,play_store,paid_search
u_002909,2024-04-21,US,app_store,influencer
u_002910,2024-03-20,US,app_store,paid_search
u_002911,2025-11-28,DE,play_store,paid_search
u_002912,2024-05-26,US,play_store,paid_search
u_002913,2024-12-09,MX,stripe,paid_search
u_002914,2025-04-26,MX,app_store,organic
u_002915,2024-06-13,GB,app_store,paid_social
u_002916,2025-08-28,US,play_store,paid_search
u_002917,2025-06-07,CA,play_store,influencer
u_002918,2024-12-18,FR,app_store,influencer
u_002919,2024-02-03,BR,app_store,organic
u_002920,2024-03-20,MX,stripe,influencer
u_002921,2025-05-30,MX,play_store,referral
u_002922,2025-07-05,CA,stripe,influencer
u_002923,2024-02-22,BR,play_store,influencer
u_002924,2025-03-27,GB,app_store,influencer
u_002925,2024-10-27,FR,app_store,paid_search
u_002926,2024-08-24,DE,play_store,organic
u_002927,2025-12-10,US,play_store,referral
u_002928,2025-01-05,US,play_store,organic
u_002929,2025-01-05,BR,play_store,referral
u_002930,2025-03-04,US,stripe,paid_social
u_002931,2025-07-04,US,stripe,influencer
u_002932,2025-11-12,US,app_store,paid_search
u_002933,2024-12-15,GB,app_store,referral
u_002934,2025-06-01,MX,play_store,paid_social
u_002935,2024-07-03,FR,app_store,organic
u_002936,2025-03-04,US,play_store,referral
u_002937,2024-04-13,US,app_store,referral
u_002938,2024-01-25,CA,stripe,paid_social
u_002939,2025-06-11,FR,stripe,referral
u_002940,2024-12-28,US,play_store,paid_social
u_002941,2024-10-27,US,stripe,paid_search
u_002942,2025-08-28,BR,app_store,organic
u_002943,2024-03-16,CA,app_store,referral
u_002944,2025-02-22,BR,play_store,referral
u_002945,2024-10-23,AU,play_store,paid_social
u_002946,2025-08-26,FR,stripe,organic
u_002947,2024-06-04,FR,play_store,paid_search
u_002948,2025-11-21,BR,app_store,referral
u_002949,2024-06-29,IN,play_store,organic
u_002950,2024-08-25,US,app_store,influencer
u_002951,2025-06-14,FR,play_store,referral
u_002952,2024-10-19,GB,app_store,paid_social
u_002953,2024-05-26,US,stripe,paid_social
u_002954,2025-03-16,IN,play_store,influencer
u_002955,2024-11-17,US,app_store,organic
u_002956,2024-10-21,US,app_store,paid_social
u_002957,2024-10-22,FR,app_store,influencer
u_002958,2024-04-18,FR,play_store,paid_social
u_002959,2024-04-08,US,stripe,paid_social
u_002960,2024-01-29,IN,app_store,influencer
u_002961,2025-07-04,AU,app_store,organic
u_002962,2025-01-13,US,stripe,influencer
u_002963,2025-03-12,CA,play_store,referral
u_002964,2024-10-29,FR,play_store,organic
u_002965,2025-03-31,FR,play_store,organic
u_002966,2024-05-20,MX,play_store,organic
u_002967,2024-12-28,JP,play_store,paid_social
u_002968,2024-03-17,GB,play_store,paid_search
u_002969,2025-04-09,BR,play_store,organic
u_002970,2025-12-05,GB,stripe,referral
u_002971,2024-04-12,FR,play_store,paid_search
u_002972,2024-07-13,JP,play_store,organic
u_002973,2025-10-11,BR,app_store,influencer
u_002974,2025-01-20,FR,app_store,paid_social
u_002975,2024-09-28,DE,play_store,paid_social
u_002976,2025-05-23,US,app_store,organic
u_002977,2025-06-12,JP,play_store,organic
u_002978,2025-03-20,US,play_store,paid_social
u_002979,2024-07-01,US,play_store,influencer
u_002980,2025-01-24,BR,app_store,paid_search
u_002981,2025-05-10,IN,stripe,paid_search
u_002982,2024-08-25,FR,play_store,referral
u_002983,2025-10-07,GB,app_store,referral
u_002984,2024-10-29,US,app_store,paid_search
u_002985,2025-03-05,MX,app_store,referral
u_002986,2024-04-28,US,stripe,organic
u_002987,2024-12-21,CA,play_store,referral
u_002988,2025-05-15,BR,play_store,organic
u_002989,2024-10-24,US,app_store,referral
u_002990,2024-03-03,IN,app_store,paid_search
u_002991,2025-02-25,GB,app_store,referral
u_002992,2024-09-23,FR,app_store,paid_social
u_002993,2024-12-13,BR,app_store,referral
u_002994,2025-02-23,US,stripe,influencer
u_002995,2024-07-30,AU,app_store,influencer
u_002996,2025-09-17,GB,play_store,organic
u_002997,2024-01-22,JP,app_store,paid_search
u_002998,2024-12-27,AU,play_store,organic
u_002999,2025-06-15,US,play_store,paid_social
u_003000,2025-07-02,GB,play_store,paid_search
u_003001,2024-06-14,FR,app_store,paid_social
u_003002,2025-07-20,CA,stripe,organic
u_003003,2024-01-21,AU,play_store,influencer
u_003004,2025-02-11,AU,app_store,paid_search
u_003005,2024-11-04,US,play_store,paid_social
u_003006,2024-02-04,US,app_store,referral
u_003007,2025-11-02,DE,stripe,paid_search
u_003008,2024-03-27,US,play_store,referral
u_003009,2024-01-21,US,stripe,influencer
u_003010,2024-06-04,US,play_store,referral
u_003011,2024-07-17,JP,stripe,paid_search
u_003012,2025-03-11,IN,app_store,paid_search
u_003013,2025-04-14,US,app_store,influencer
u_003014,2025-04-27,GB,app_store,paid_social
u_003015,2025-02-20,IN,play_store,influencer
u_003016,2025-06-02,US,app_store,referral
u_003017,2025-02-07,MX,play_store,organic
u_003018,2025-04-08,US,stripe,referral
u_003019,2024-08-25,DE,play_store,organic
u_003020,2025-10-20,GB,app_store,organic
u_003021,2024-04-07,IN,app_store,referral
u_003022,2025-08-30,US,app_store,influencer
u_003023,2025-04-29,IN,stripe,paid_social
u_003024,2024-03-01,AU,app_store,paid_search
u_003025,2024-12-11,JP,app_store,influencer
u_003026,2025-09-05,DE,app_store,paid_social
u_003027,2025-07-29,AU,play_store,paid_search
u_003028,2025-10-29,US,play_store,referral
u_003029,2025-06-10,IN,play_store,organic
u_003030,2024-04-17,DE,app_store,paid_social
u_003031,2024-01-14,US,play_store,paid_social
u_003032,2024-07-21,DE,stripe,organic
u_003033,2025-03-10,IN,play_store,influencer
u_003034,2025-05-13,US,stripe,referral
u_003035,2025-02-12,US,app_store,paid_search
u_003036,2025-11-23,US,app_store,paid_search
u_003037,2025-07-31,BR,app_store,influencer
u_003038,2025-12-02,US,play_store,paid_search
u_003039,2025-06-15,BR,play_store,paid_social
u_003040,2024-12-04,FR,play_store,paid_social
u_003041,2024-06-17,IN,stripe,organic
u_003042,2024-11-21,DE,app_store,organic
u_003043,2024-01-06,GB,app_store,organic
u_003044,2025-07-04,DE,app_store,influencer
u_003045,2025-04-24,IN,app_store,influencer
u_003046,2024-08-19,GB,app_store,paid_social
u_003047,2024-10-08,US,stripe,referral
u_003048,2025-08-21,CA,app_store,referral
u_003049,2024-09-17,IN,play_store,paid_social
u_003050,2024-03-20,IN,app_store,paid_social
u_003051,2024-10-13,US,play_store,paid_social
u_003052,2025-06-18,IN,play_store,paid_search
u_003053,2025-08-12,AU,play_store,paid_search
u_003054,2025-09-22,BR,play_store,paid_social
u_003055,2024-01-03,AU,stripe,organic
u_003056,2025-09-21,US,app_store,organic
u_003057,2024-11-27,US,stripe,paid_social
u_003058,2025-06-07,JP,app_store,referral
u_003059,2024-11-30,GB,play_store,paid_social
u_003060,2025-07-27,GB,play_store,referral
u_003061,2024-12-29,GB,play_store,influencer
u_003062,2024-03-21,FR,stripe,paid_social
u_003063,2025-10-10,JP,play_store,referral
u_003064,2025-07-27,DE,play_store,paid_search
u_003065,2025-12-02,US,stripe,paid_search
u_003066,2024-07-01,US,app_store,referral
u_003067,2025-11-17,GB,app_store,influencer
u_003068,2025-07-27,FR,stripe,paid_social
u_003069,2025-01-26,GB,stripe,organic
u_003070,2024-07-19,DE,play_store,organic
u_003071,2025-08-23,GB,app_store,paid_search
u_003072,2024-09-16,IN,app_store,paid_search
u_003073,2024-02-04,BR,play_store,referral
u_003074,2024-02-14,MX,play_store,paid_search
u_003075,2025-10-02,US,play_store,organic
u_003076,2025-04-27,MX,play_store,referral
u_003077,2024-06-26,DE,stripe,influencer
u_003078,2024-04-16,US,app_store,paid_social
u_003079,2024-06-30,FR,app_store,referral
u_003080,2024-05-02,US,play_store,organic
u_003081,2024-11-17,US,play_store,paid_social
u_003082,2025-11-01,BR,app_store,paid_search
u_003083,2024-06-22,FR,play_store,paid_search
u_003084,2025-06-12,US,play_store,referral
u_003085,2025-11-14,BR,app_store,influencer
u_003086,2024-05-31,CA,app_store,referral
u_003087,2024-02-15,US,app_store,influencer
u_003088,2025-02-23,US,play_store,organic
u_003089,2024-11-14,US,app_store,paid_search
u_003090,2025-04-22,IN,play_store,influencer
u_003091,2025-04-19,US,stripe,paid_social
u_003092,2024-03-29,US,play_store,organic
u_003093,2024-06-22,AU,app_store,paid_search
u_003094,2025-04-16,US,play_store,paid_social
u_003095,2024-11-11,JP,play_store,paid_social
u_003096,2024-05-15,GB,app_store,paid_search
u_003097,2024-07-01,US,play_store,referral
u_003098,2024-08-19,JP,app_store,paid_social
u_003099,2024-06-30,MX,app_store,referral
u_003100,2024-09-27,US,app_store,paid_search
u_003101,2024-12-23,AU,play_store,paid_social
u_003102,2024-02-07,MX,play_store,paid_social
u_003103,2025-07-04,IN,stripe,referral
u_003104,2024-12-21,BR,play_store,paid_search
u_003105,2024-07-31,GB,stripe,influencer
u_003106,2024-10-02,US,play_store,paid_search
u_003107,2024-08-11,DE,app_store,organic
u_003108,2025-06-13,BR,app_store,paid_social
u_003109,2025-04-23,IN,app_store,referral
u_003110,2025-11-05,IN,app_store,organic
u_003111,2025-10-06,GB,stripe,paid_social
u_003112,2025-03-07,DE,app_store,organic
u_003113,2024-07-10,FR,app_store,referral
u_003114,2025-07-13,US,app_store,influencer
u_003115,2025-04-12,IN,play_store,referral
u_003116,2025-04-29,JP,app_store,paid_search
u_003117,2025-09-07,GB,play_store,paid_search
u_003118,2024-02-11,MX,stripe,influencer
u_003119,2024-04-20,DE,play_store,influencer
u_003120,2025-02-14,IN,app_store,paid_social
u_003121,2024-11-03,FR,stripe,influencer
u_003122,2024-07-22,MX,play_store,paid_social
u_003123,2024-05-13,BR,play_store,organic
u_003124,2024-04-02,GB,play_store,paid_search
u_003125,2025-04-14,GB,play_store,paid_social
u_003126,2024-07-24,FR,app_store,organic
u_003127,2024-07-08,US,app_store,organic
u_003128,2024-09-07,US,play_store,paid_search
u_003129,2024-01-06,DE,app_store,referral
u_003130,2025-07-17,CA,play_store,referral
u_003131,2025-11-15,GB,play_store,paid_social
u_003132,2024-04-08,GB,app_store,paid_social
u_003133,2025-02-13,AU,stripe,referral
u_003134,2025-09-03,GB,app_store,referral
u_003135,2025-11-16,AU,play_store,paid_social
u_003136,2025-09-15,US,app_store,paid_search
u_003137,2024-12-14,IN,app_store,influencer
u_003138,2025-02-11,FR,play_store,paid_social
u_003139,2025-05-26,US,app_store,referral
u_003140,2024-04-05,GB,play_store,referral
u_003141,2024-06-03,US,app_store,referral
u_003142,2024-02-05,US,stripe,paid_social
u_003143,2024-06-16,GB,play_store,organic
u_003144,2025-04-21,JP,app_store,organic
u_003145,2025-11-02,FR,stripe,organic
u_003146,2024-06-13,GB,play_store,referral
u_003147,2025-12-03,DE,play_store,referral
u_003148,2025-03-08,AU,app_store,paid_search
u_003149,2025-10-11,US,stripe,referral
u_003150,2025-05-29,GB,play_store,paid_search
u_003151,2025-07-01,MX,app_store,paid_social
u_003152,2025-03-10,IN,app_store,organic
u_003153,2024-06-02,US,stripe,influencer
u_003154,2024-09-21,US,stripe,referral
u_003155,2025-03-21,US,app_store,organic
u_003156,2025-05-16,DE,app_store,influencer
u_003157,2025-12-03,GB,app_store,paid_search
u_003158,2024-01-25,IN,app_store,paid_search
u_003159,2025-03-03,US,app_store,organic
u_003160,2025-09-02,US,play_store,influencer
u_003161,2025-02-09,US,app_store,organic
u_003162,2024-05-09,CA,play_store,referral
u_003163,2024-10-08,GB,play_store,influencer
u_003164,2024-09-06,FR,stripe,influencer
u_003165,2025-08-05,DE,app_store,paid_search
u_003166,2024-02-09,US,stripe,organic
u_003167,2025-01-26,IN,play_store,paid_search
u_003168,2025-10-14,AU,app_store,organic
u_003169,2024-07-07,MX,app_store,organic
u_003170,2025-03-19,MX,play_store,influencer
u_003171,2024-09-24,MX,play_store,influencer
u_003172,2024-09-06,CA,app_store,influencer
u_003173,2025-04-29,US,stripe,paid_search
u_003174,2025-12-06,AU,app_store,organic
u_003175,2025-09-11,GB,app_store,paid_search
u_003176,2024-10-06,US,app_store,referral
u_003177,2025-11-03,US,app_store,influencer
u_003178,2025-10-12,GB,app_store,organic
u_003179,2024-11-28,US,play_store,influencer
u_003180,2025-04-16,IN,play_store,paid_search
u_003181,2025-07-08,GB,stripe,organic
u_003182,2024-12-17,GB,app_store,referral
u_003183,2024-06-04,DE,play_store,paid_social
u_003184,2025-06-29,CA,play_store,paid_search
u_003185,2025-02-16,US,stripe,organic
u_003186,2025-10-08,IN,stripe,organic
u_003187,2024-07-31,AU,play_store,paid_search
u_003188,2024-10-25,AU,play_store,referral
u_003189,2024-01-31,US,play_store,influencer
u_003190,2024-12-26,IN,app_store,organic
u_003191,2024-10-17,IN,play_store,paid_social
u_003192,2025-01-19,FR,app_store,influencer
u_003193,2024-05-06,US,app_store,organic
u_003194,2025-08-07,US,stripe,referral
u_003195,2025-07-17,DE,play_store,referral
u_003196,2025-09-05,US,play_store,organic
u_003197,2025-11-11,FR,stripe,paid_search
u_003198,2025-05-29,IN,app_store,referral
u_003199,2025-05-21,AU,app_store,referral
u_003200,2024-06-09,FR,app_store,paid_search
u_003201,2024-01-04,IN,app_store,referral
u_003202,2025-11-02,US,stripe,referral
u_003203,2025-08-17,BR,stripe,referral
u_003204,2024-07-12,BR,play_store,paid_social
u_003205,2025-09-16,BR,stripe,influencer
u_003206,2025-08-07,CA,stripe,paid_search
u_003207,2025-09-16,US,play_store,referral
u_003208,2025-12-01,US,app_store,influencer
u_003209,2025-10-31,GB,play_store,paid_social
u_003210,2024-06-14,DE,play_store,paid_social
u_003211,2024-06-28,DE,play_store,paid_social
u_003212,2024-11-26,US,app_store,organic
u_003213,2024-07-30,IN,play_store,influencer
u_003214,2025-03-30,MX,play_store,referral
u_003215,2025-05-27,BR,stripe,paid_search
u_003216,2024-06-12,US,play_store,organic
u_003217,2024-01-08,AU,play_store,referral
u_003218,2025-06-16,MX,stripe,organic
u_003219,2025-03-03,MX,stripe,influencer
u_003220,2024-05-03,CA,play_store,influencer
u_003221,2024-01-25,DE,stripe,organic
u_003222,2024-10-26,JP,stripe,organic
u_003223,2025-01-07,GB,stripe,referral
u_003224,2025-03-14,AU,app_store,paid_search
u_003225,2025-08-16,AU,app_store,paid_social
u_003226,2025-01-10,DE,app_store,paid_social
u_003227,2025-05-09,US,app_store,organic
u_003228,2025-04-14,FR,play_store,paid_social
u_003229,2024-09-23,GB,play_store,paid_search
u_003230,2025-04-06,CA,play_store,influencer
u_003231,2024-02-06,AU,app_store,paid_search
u_003232,2024-01-27,US,app_store,paid_search
u_003233,2024-10-25,GB,play_store,influencer
u_003234,2025-10-11,GB,play_store,paid_search
u_003235,2024-06-07,AU,play_store,paid_social
u_003236,2025-09-14,US,app_store,paid_social
u_003237,2024-01-29,JP,play_store,paid_social
u_003238,2025-08-21,US,app_store,influencer
u_003239,2025-06-13,DE,play_store,paid_social
u_003240,2024-12-18,BR,play_store,influencer
u_003241,2024-11-17,IN,app_store,referral
u_003242,2025-10-25,US,play_store,paid_social
u_003243,2025-05-10,FR,app_store,organic
u_003244,2024-12-16,US,app_store,paid_social
u_003245,2024-10-11,BR,play_store,organic
u_003246,2025-10-27,US,play_store,influencer
u_003247,2025-10-15,FR,stripe,influencer
u_003248,2024-08-21,AU,app_store,organic
u_003249,2025-02-12,BR,stripe,influencer
u_003250,2024-03-09,US,stripe,influencer
u_003251,2024-03-22,MX,app_store,influencer
u_003252,2025-06-19,US,app_store,paid_social
u_003253,2025-12-07,FR,stripe,paid_social
u_003254,2025-12-07,CA,app_store,influencer
u_003255,2024-09-29,IN,app_store,paid_social
u_003256,2024-03-06,FR,app_store,paid_search
u_003257,2024-03-03,US,app_store,influencer
u_003258,2025-05-03,DE,play_store,organic
u_003259,2024-11-22,AU,app_store,referral
u_003260,2024-04-29,DE,play_store,organic
u_003261,2025-07-09,IN,play_store,paid_search
u_003262,2025-08-05,US,app_store,organic
u_003263,2025-03-29,AU,app_store,influencer
u_003264,2025-04-12,MX,app_store,referral
u_003265,2025-09-07,US,play_store,paid_search
u_003266,2025-06-03,IN,app_store,paid_search
u_003267,2024-09-27,FR,app_store,paid_search
u_003268,2025-11-25,IN,app_store,referral
u_003269,2024-04-24,MX,stripe,referral
u_003270,2024-01-07,GB,stripe,referral
u_003271,2025-05-22,US,app_store,referral
u_003272,2025-11-20,GB,stripe,referral
u_003273,2024-12-16,BR,play_store,paid_social
u_003274,2024-07-17,AU,play_store,paid_social
u_003275,2024-11-10,IN,app_store,influencer
u_003276,2025-04-28,US,app_store,influencer
u_003277,2024-08-03,IN,app_store,paid_social
u_003278,2024-07-15,AU,play_store,paid_social
u_003279,2025-09-16,BR,app_store,influencer
u_003280,2025-04-30,BR,play_store,paid_search
u_003281,2024-08-22,FR,play_store,paid_search
u_003282,2025-01-14,US,app_store,paid_search
u_003283,2024-11-18,DE,app_store,referral
u_003284,2025-03-03,US,stripe,organic
u_003285,2025-02-22,GB,stripe,referral
u_003286,2024-10-07,US,play_store,paid_social
u_003287,2025-11-08,CA,app_store,paid_search
u_003288,2024-01-25,GB,play_store,paid_search
u_003289,2025-07-25,IN,app_store,paid_social
u_003290,2025-09-24,IN,stripe,organic
u_003291,2024-03-17,US,app_store,referral
u_003292,2025-08-30,DE,stripe,organic
u_003293,2025-11-06,GB,stripe,referral
u_003294,2024-09-12,US,play_store,referral
u_003295,2024-03-01,US,play_store,paid_search
u_003296,2025-07-04,GB,stripe,organic
u_003297,2025-04-28,US,play_store,paid_search
u_003298,2025-02-27,JP,stripe,influencer
u_003299,2024-11-02,IN,play_store,referral
u_003300,2024-09-08,GB,play_store,paid_search
u_003301,2025-07-24,IN,app_store,organic
u_003302,2024-05-23,AU,app_store,paid_search
u_003303,2025-01-04,FR,app_store,paid_social
u_003304,2024-07-07,GB,app_store,paid_search
u_003305,2024-12-07,US,stripe,paid_search
u_003306,2024-09-18,BR,stripe,paid_social
u_003307,2024-05-02,BR,app_store,referral
u_003308,2024-02-19,JP,app_store,influencer
u_003309,2025-01-17,US,app_store,organic
u_003310,2025-05-31,FR,app_store,influencer
u_003311,2025-05-18,US,app_store,organic
u_003312,2024-03-18,IN,stripe,organic
u_003313,2025-06-28,US,play_store,organic
u_003314,2025-08-10,FR,play_store,paid_social
u_003315,2024-03-15,AU,app_store,paid_search
u_003316,2025-04-21,DE,stripe,paid_social
u_003317,2025-10-28,GB,app_store,influencer
u_003318,2024-12-13,DE,play_store,referral
u_003319,2024-01-22,DE,app_store,influencer
u_003320,2025-02-03,US,app_store,referral
u_003321,2024-06-03,US,app_store,paid_search
u_003322,2025-06-29,DE,play_store,influencer
u_003323,2024-12-29,FR,play_store,influencer
u_003324,2024-06-05,US,app_store,paid_search
u_003325,2024-07-04,US,play_store,organic
u_003326,2024-05-10,IN,stripe,paid_search
u_003327,2024-11-18,FR,play_store,paid_social
u_003328,2024-11-06,US,stripe,paid_social
u_003329,2024-08-10,AU,app_store,referral
u_003330,2024-05-06,JP,app_store,referral
u_003331,2024-08-01,GB,app_store,referral
u_003332,2024-07-22,US,app_store,organic
u_003333,2024-04-05,MX,play_store,influencer
u_003334,2025-06-12,US,play_store,organic
u_003335,2025-05-15,AU,app_store,paid_search
u_003336,2025-03-01,US,stripe,influencer
u_003337,2025-01-03,DE,play_store,referral
u_003338,2024-01-17,US,stripe,referral
u_003339,2024-04-12,GB,stripe,organic
u_003340,2025-03-20,MX,play_store,paid_social
u_003341,2024-03-27,BR,stripe,referral
u_003342,2024-01-17,MX,app_store,paid_search
u_003343,2024-02-16,US,app_store,influencer
u_003344,2024-01-10,US,app_store,referral
u_003345,2024-02-09,US,stripe,paid_search
u_003346,2025-01-15,BR,stripe,referral
u_003347,2024-06-25,US,play_store,paid_social
u_003348,2025-11-15,US,stripe,organic
u_003349,2024-06-15,US,app_store,referral
u_003350,2025-10-02,GB,stripe,influencer
u_003351,2024-11-24,US,app_store,organic
u_003352,2025-04-26,US,stripe,referral
u_003353,2024-02-17,IN,play_store,influencer
u_003354,2024-06-22,US,app_store,paid_social
u_003355,2024-04-04,DE,app_store,referral
u_003356,2025-04-20,MX,stripe,influencer
u_003357,2025-03-26,US,play_store,organic
u_003358,2024-11-14,DE,stripe,paid_search
u_003359,2024-05-11,GB,play_store,influencer
u_003360,2025-11-15,CA,play_store,influencer
u_003361,2024-07-19,US,play_store,paid_social
u_003362,2024-08-18,BR,play_store,referral
u_003363,2024-10-16,FR,app_store,paid_social
u_003364,2024-09-13,US,play_store,paid_search
u_003365,2025-04-18,BR,play_store,influencer
u_003366,2024-09-30,AU,app_store,referral
u_003367,2025-01-18,BR,play_store,organic
u_003368,2025-01-29,BR,play_store,paid_social
u_003369,2024-01-15,US,app_store,paid_social
u_003370,2024-06-14,GB,app_store,referral
u_003371,2025-05-10,JP,app_store,influencer
u_003372,2025-02-19,DE,app_store,influencer
u_003373,2024-09-26,IN,app_store,paid_search
u_003374,2025-11-02,AU,stripe,paid_search
u_003375,2024-07-09,US,stripe,referral
u_003376,2025-07-16,DE,app_store,paid_search
u_003377,2025-06-15,US,play_store,referral
u_003378,2025-10-19,US,play_store,organic
u_003379,2024-08-20,MX,stripe,organic
u_003380,2025-07-17,CA,app_store,paid_search
u_003381,2024-11-10,DE,play_store,organic
u_003382,2025-05-31,US,stripe,influencer
u_003383,2024-07-18,US,play_store,organic
u_003384,2024-07-22,CA,app_store,influencer
u_003385,2024-06-04,IN,play_store,organic
u_003386,2025-06-29,GB,app_store,influencer
u_003387,2024-06-19,GB,app_store,paid_social
u_003388,2025-10-12,BR,play_store,paid_social
u_003389,2025-07-07,MX,play_store,paid_social
u_003390,2024-10-12,US,stripe,referral
u_003391,2024-10-30,GB,play_store,referral
u_003392,2025-05-02,DE,app_store,paid_search
u_003393,2024-01-01,US,play_store,paid_search
u_003394,2024-08-01,FR,play_store,organic
u_003395,2024-03-01,AU,app_store,referral
u_003396,2024-06-13,AU,stripe,paid_social
u_003397,2025-02-04,AU,play_store,referral
u_003398,2025-08-28,US,stripe,organic
u_003399,2024-08-19,MX,app_store,referral
u_003400,2024-05-06,CA,play_store,paid_social
u_003401,2024-07-29,DE,play_store,paid_search
u_003402,2024-01-12,BR,play_store,influencer
u_003403,2024-04-15,AU,play_store,paid_social
u_003404,2025-11-07,DE,stripe,influencer
u_003405,2025-09-16,DE,app_store,paid_search
u_003406,2024-10-05,MX,app_store,paid_search
u_003407,2024-04-25,BR,app_store,paid_social
u_003408,2025-12-09,FR,play_store,paid_search
u_003409,2024-08-18,IN,app_store,influencer
u_003410,2025-09-05,FR,app_store,referral
u_003411,2025-03-18,DE,play_store,paid_search
u_003412,2024-10-09,FR,play_store,paid_search
u_003413,2025-03-05,BR,app_store,paid_search
u_003414,2024-03-26,US,play_store,referral
u_003415,2024-09-05,IN,app_store,referral
u_003416,2025-11-12,US,stripe,referral
u_003417,2025-07-28,BR,play_store,influencer
u_003418,2025-06-15,FR,play_store,organic
u_003419,2025-09-08,US,stripe,organic
u_003420,2025-08-12,US,stripe,paid_social
u_003421,2025-01-04,IN,play_store,influencer
u_003422,2025-03-07,JP,play_store,organic
u_003423,2024-12-21,BR,app_store,referral
u_003424,2025-08-10,FR,app_store,referral
u_003425,2025-10-05,AU,app_store,organic
u_003426,2024-08-09,IN,app_store,paid_search
u_003427,2024-04-11,US,app_store,organic
u_003428,2025-04-12,JP,app_store,paid_search
u_003429,2024-12-26,MX,app_store,referral
u_003430,2024-02-18,GB,play_store,paid_search
u_003431,2024-06-13,US,play_store,influencer
u_003432,2025-10-25,GB,app_store,paid_search
u_003433,2024-06-25,JP,stripe,paid_search
u_003434,2024-12-26,BR,play_store,paid_social
u_003435,2024-11-20,JP,app_store,organic
u_003436,2025-10-16,DE,play_store,paid_social
u_003437,2025-01-26,US,stripe,referral
u_003438,2024-12-25,GB,app_store,paid_search
u_003439,2024-06-12,MX,app_store,organic
u_003440,2024-07-13,IN,stripe,influencer
u_003441,2024-10-30,AU,play_store,referral
u_003442,2025-09-25,CA,app_store,organic
u_003443,2025-09-04,FR,play_store,paid_search
u_003444,2024-05-29,CA,play_store,referral
u_003445,2024-05-16,FR,app_store,paid_search
u_003446,2025-09-20,IN,app_store,paid_social
u_003447,2025-03-29,JP,app_store,paid_social
u_003448,2025-11-14,MX,app_store,paid_social
u_003449,2025-12-12,MX,app_store,paid_social
u_003450,2025-03-26,BR,app_store,organic
u_003451,2024-10-30,US,app_store,influencer
u_003452,2025-05-09,JP,app_store,influencer
u_003453,2025-08-04,US,app_store,influencer
u_003454,2025-08-17,GB,play_store,referral
u_003455,2024-09-24,CA,stripe,paid_search
u_003456,2025-03-17,GB,stripe,paid_social
u_003457,2024-11-23,IN,app_store,paid_social
u_003458,2024-11-25,JP,stripe,paid_social
u_003459,2025-07-05,IN,app_store,influencer
u_003460,2025-05-02,IN,app_store,influencer
u_003461,2024-08-21,CA,play_store,influencer
u_003462,2024-08-17,DE,play_store,organic
u_003463,2025-04-16,BR,play_store,referral
u_003464,2024-03-07,MX,app_store,influencer
u_003465,2025-04-04,IN,app_store,paid_search
u_003466,2025-05-03,FR,app_store,paid_search
u_003467,2024-03-07,MX,app_store,paid_search
u_003468,2024-01-29,CA,play_store,paid_social
u_003469,2025-02-09,US,play_store,influencer
u_003470,2025-12-14,BR,app_store,influencer
u_003471,2025-06-04,MX,app_store,influencer
u_003472,2025-11-28,IN,stripe,influencer
u_003473,2024-02-24,CA,app_store,organic
u_003474,2024-03-13,BR,play_store,paid_social
u_003475,2024-07-18,US,play_store,paid_social
u_003476,2024-07-04,US,stripe,organic
u_003477,2024-12-05,US,stripe,influencer
u_003478,2025-12-02,GB,app_store,referral
u_003479,2024-05-21,JP,app_store,paid_search
u_003480,2024-12-29,US,app_store,paid_search
u_003481,2025-05-26,US,app_store,paid_social
u_003482,2024-08-20,GB,play_store,organic
u_003483,2024-12-13,DE,app_store,paid_search
u_003484,2024-01-21,FR,app_store,influencer
u_003485,2024-03-01,CA,app_store,organic
u_003486,2025-06-25,US,app_store,paid_search
u_003487,2024-01-29,JP,play_store,paid_search
u_003488,2024-03-12,MX,app_store,influencer
u_003489,2025-05-25,US,app_store,paid_search
u_003490,2024-04-09,FR,stripe,influencer
u_003491,2025-01-18,IN,stripe,paid_social
u_003492,2025-06-03,US,stripe,organic
u_003493,2025-09-29,US,play_store,organic
u_003494,2024-11-15,FR,app_store,paid_social
u_003495,2025-08-27,IN,stripe,referral
u_003496,2024-07-16,BR,stripe,paid_search
u_003497,2025-04-10,FR,play_store,referral
u_003498,2025-04-03,MX,play_store,organic
u_003499,2024-12-12,US,app_store,referral
u_003500,2024-07-11,AU,app_store,organic
u_003501,2025-05-06,JP,stripe,influencer
u_003502,2024-04-11,JP,app_store,paid_search
u_003503,2025-06-23,IN,play_store,influencer
u_003504,2025-02-07,AU,play_store,paid_search
u_003505,2024-11-24,US,play_store,paid_search
u_003506,2025-10-03,DE,app_store,organic
u_003507,2025-05-17,US,app_store,influencer
u_003508,2025-05-10,BR,app_store,paid_search
u_003509,2025-12-01,CA,play_store,organic
u_003510,2024-07-11,MX,app_store,influencer
u_003511,2025-08-07,IN,play_store,organic
u_003512,2025-07-01,US,stripe,referral
u_003513,2024-07-11,GB,play_store,referral
u_003514,2025-06-04,IN,app_store,paid_search
u_003515,2025-11-28,CA,stripe,organic
u_003516,2025-04-13,MX,stripe,paid_search
u_003517,2024-03-15,CA,play_store,influencer
u_003518,2025-10-17,BR,app_store,referral
u_003519,2024-07-29,FR,app_store,paid_search
u_003520,2024-01-05,FR,play_store,paid_search
u_003521,2024-06-30,MX,stripe,paid_search
u_003522,2025-02-15,US,app_store,paid_social
u_003523,2025-09-28,BR,stripe,referral
u_003524,2025-11-27,IN,stripe,paid_search
u_003525,2024-07-28,MX,play_store,paid_search
u_003526,2025-02-23,CA,app_store,referral
u_003527,2025-01-21,US,stripe,referral
u_003528,2024-09-16,BR,play_store,referral
u_003529,2024-02-12,CA,app_store,paid_social
u_003530,2024-03-13,BR,app_store,referral
u_003531,2024-03-09,US,app_store,paid_search
u_003532,2025-11-28,CA,play_store,paid_search
u_003533,2025-07-03,US,stripe,paid_search
u_003534,2024-04-21,AU,app_store,paid_social
u_003535,2024-03-29,IN,play_store,paid_social
u_003536,2025-06-14,MX,play_store,organic
u_003537,2024-04-24,US,stripe,paid_social
u_003538,2024-03-26,AU,stripe,paid_social
u_003539,2025-03-22,BR,app_store,paid_social
u_003540,2025-03-28,IN,app_store,influencer
u_003541,2024-07-12,AU,play_store,organic
u_003542,2025-08-05,US,app_store,paid_search
u_003543,2024-06-28,GB,app_store,organic
u_003544,2025-02-04,GB,stripe,influencer
u_003545,2024-03-06,US,play_store,paid_search
u_003546,2025-11-04,CA,app_store,referral
u_003547,2024-03-12,JP,play_store,paid_search
u_003548,2025-07-24,US,play_store,paid_search
u_003549,2024-02-28,US,app_store,influencer
u_003550,2025-07-01,US,play_store,paid_search
u_003551,2025-01-14,US,stripe,paid_social
u_003552,2024-01-07,GB,play_store,referral
u_003553,2025-08-03,US,app_store,organic
u_003554,2025-07-31,IN,app_store,referral
u_003555,2025-08-08,BR,app_store,influencer
u_003556,2025-01-31,DE,play_store,referral
u_003557,2025-09-19,US,stripe,referral
u_003558,2025-05-05,FR,app_store,influencer
u_003559,2025-01-03,US,app_store,paid_social
u_003560,2025-02-01,MX,stripe,paid_search
u_003561,2024-01-22,DE,app_store,organic
u_003562,2025-04-15,DE,stripe,paid_social
u_003563,2025-02-15,US,play_store,paid_social
u_003564,2025-02-19,DE,app_store,referral
u_003565,2025-03-30,MX,play_store,paid_search
u_003566,2024-11-29,BR,app_store,influencer
u_003567,2024-07-29,US,play_store,influencer
u_003568,2024-07-18,MX,play_store,influencer
u_003569,2025-01-07,FR,play_store,referral
u_003570,2025-01-18,BR,app_store,paid_social
u_003571,2025-04-26,US,play_store,paid_search
u_003572,2025-09-30,DE,app_store,paid_search
u_003573,2025-07-18,FR,play_store,influencer
u_003574,2025-03-18,US,app_store,paid_social
u_003575,2025-01-30,IN,app_store,influencer
u_003576,2024-06-08,BR,play_store,paid_social
u_003577,2024-06-03,DE,play_store,paid_social
u_003578,2025-05-13,GB,stripe,influencer
u_003579,2025-06-27,CA,stripe,organic
u_003580,2024-03-07,US,app_store,organic
u_003581,2024-12-05,JP,app_store,paid_search
u_003582,2024-07-26,AU,stripe,paid_search
u_003583,2024-03-08,GB,stripe,influencer
u_003584,2025-04-02,DE,play_store,paid_search
u_003585,2024-11-06,US,play_store,paid_social
u_003586,2024-06-16,DE,play_store,influencer
u_003587,2025-02-23,US,play_store,referral
u_003588,2025-12-17,MX,play_store,paid_social
u_003589,2024-04-26,BR,app_store,referral
u_003590,2024-04-09,AU,app_store,referral
u_003591,2025-04-29,GB,app_store,organic
u_003592,2025-08-23,CA,stripe,referral
u_003593,2025-08-21,IN,app_store,organic
u_003594,2025-05-18,MX,play_store,paid_search
u_003595,2024-03-28,FR,app_store,paid_social
u_003596,2025-10-01,GB,app_store,paid_social
u_003597,2024-04-23,MX,play_store,paid_social
u_003598,2025-10-11,GB,play_store,organic
u_003599,2024-12-29,BR,play_store,organic
u_003600,2025-09-28,FR,app_store,paid_social
u_003601,2025-01-08,JP,app_store,paid_search
u_003602,2025-06-16,FR,app_store,paid_search
u_003603,2024-06-19,US,app_store,paid_search
u_003604,2024-09-26,DE,app_store,organic
u_003605,2024-10-06,AU,play_store,referral
u_003606,2025-11-06,US,play_store,paid_social
u_003607,2025-10-01,US,play_store,paid_search
u_003608,2025-01-24,US,play_store,referral
u_003609,2024-02-06,CA,app_store,referral
u_003610,2024-12-09,GB,play_store,referral
u_003611,2025-02-20,CA,app_store,paid_search
u_003612,2024-09-24,IN,play_store,paid_search
u_003613,2024-03-26,FR,stripe,organic
u_003614,2025-11-13,FR,stripe,organic
u_003615,2024-01-24,JP,stripe,organic
u_003616,2024-09-05,US,app_store,paid_social
u_003617,2025-08-08,JP,play_store,organic
u_003618,2024-01-10,CA,play_store,paid_search
u_003619,2025-09-24,US,play_store,referral
u_003620,2025-10-08,FR,play_store,organic
u_003621,2025-09-19,US,play_store,paid_social
u_003622,2024-03-24,US,play_store,organic
u_003623,2024-01-04,DE,play_store,paid_social
u_003624,2024-02-21,CA,app_store,influencer
u_003625,2024-07-16,DE,app_store,referral
u_003626,2025-09-11,CA,play_store,influencer
u_003627,2024-03-03,DE,play_store,organic
u_003628,2024-06-29,MX,app_store,influencer
u_003629,2025-08-12,MX,play_store,organic
u_003630,2024-07-11,US,app_store,paid_social
u_003631,2024-06-15,GB,stripe,paid_search
u_003632,2025-09-07,DE,play_store,paid_social
u_003633,2025-03-12,US,app_store,paid_social
u_003634,2025-06-27,US,stripe,paid_search
u_003635,2024-10-15,AU,app_store,organic
u_003636,2025-05-20,GB,play_store,influencer
u_003637,2025-03-16,US,play_store,referral
u_003638,2024-01-13,MX,play_store,paid_search
u_003639,2025-08-25,AU,stripe,influencer
u_003640,2025-11-25,MX,play_store,paid_search
u_003641,2025-04-06,GB,stripe,paid_search
u_003642,2025-05-26,GB,play_store,influencer
u_003643,2024-07-13,US,app_store,paid_search
u_003644,2025-02-23,DE,play_store,referral
u_003645,2025-04-19,FR,play_store,paid_social
u_003646,2024-05-25,CA,app_store,organic
u_003647,2024-05-22,AU,app_store,paid_social
u_003648,2025-02-13,GB,app_store,paid_social
u_003649,2024-06-03,IN,app_store,organic
u_003650,2024-01-17,GB,app_store,paid_search
u_003651,2024-07-21,US,app_store,paid_search
u_003652,2025-07-16,US,app_store,influencer
u_003653,2025-05-26,DE,stripe,paid_social
u_003654,2025-05-14,MX,app_store,organic
u_003655,2024-03-09,MX,play_store,influencer
u_003656,2024-10-23,US,play_store,referral
u_003657,2024-08-09,DE,app_store,paid_search
u_003658,2025-10-08,US,play_store,influencer
u_003659,2025-03-15,BR,play_store,influencer
u_003660,2024-10-15,GB,app_store,paid_social
u_003661,2025-01-13,IN,play_store,organic
u_003662,2025-04-02,GB,app_store,paid_search
u_003663,2025-12-05,US,stripe,paid_search
u_003664,2025-10-11,FR,stripe,paid_search
u_003665,2025-07-22,GB,play_store,paid_social
u_003666,2024-05-10,MX,play_store,influencer
u_003667,2024-08-22,CA,play_store,paid_social
u_003668,2025-05-15,IN,stripe,paid_search
u_003669,2025-06-07,FR,app_store,paid_social
u_003670,2025-09-30,GB,play_store,referral
u_003671,2025-09-09,FR,stripe,paid_search
u_003672,2024-03-09,DE,play_store,paid_search
u_003673,2024-05-26,GB,play_store,referral
u_003674,2024-09-09,US,app_store,paid_search
u_003675,2025-09-27,IN,app_store,paid_search
u_003676,2024-11-23,IN,app_store,influencer
u_003677,2024-07-23,JP,play_store,influencer
u_003678,2025-09-11,US,play_store,paid_social
u_003679,2025-06-20,AU,app_store,referral
u_003680,2025-03-09,CA,stripe,paid_search
u_003681,2024-09-24,US,app_store,organic
u_003682,2025-10-29,BR,app_store,paid_search
u_003683,2025-04-21,AU,stripe,referral
u_003684,2025-10-02,GB,app_store,referral
u_003685,2024-11-17,US,app_store,paid_search
u_003686,2024-07-21,CA,play_store,paid_social
u_003687,2025-08-23,US,stripe,organic
u_003688,2024-02-23,FR,play_store,paid_search
u_003689,2024-05-25,GB,play_store,influencer
u_003690,2024-01-27,BR,play_store,referral
u_003691,2024-07-01,GB,stripe,organic
u_003692,2025-10-21,US,play_store,influencer
u_003693,2024-02-10,FR,app_store,paid_social
u_003694,2025-05-23,US,app_store,paid_social
u_003695,2024-04-14,IN,stripe,paid_social
u_003696,2024-04-04,AU,stripe,paid_search
u_003697,2024-03-24,DE,play_store,referral
u_003698,2025-02-14,IN,play_store,referral
u_003699,2025-12-12,US,stripe,paid_social
u_003700,2025-04-04,US,play_store,paid_search
u_003701,2024-08-20,US,play_store,influencer
u_003702,2024-01-25,US,stripe,paid_social
u_003703,2025-05-05,US,app_store,paid_social
u_003704,2024-06-05,MX,app_store,paid_search
u_003705,2024-11-26,GB,play_store,referral
u_003706,2024-01-20,IN,app_store,organic
u_003707,2025-11-16,CA,app_store,organic
u_003708,2024-02-11,US,app_store,paid_social
u_003709,2025-08-19,IN,app_store,organic
u_003710,2025-08-18,FR,play_store,paid_social
u_003711,2025-02-10,US,play_store,influencer
u_003712,2024-10-15,US,app_store,referral
u_003713,2024-06-12,JP,play_store,paid_search
u_003714,2024-12-08,US,stripe,referral
u_003715,2024-05-02,BR,play_store,referral
u_003716,2025-09-09,MX,play_store,referral
u_003717,2024-07-28,US,app_store,organic
u_003718,2024-07-29,US,play_store,paid_search
u_003719,2025-12-07,BR,stripe,paid_search
u_003720,2025-01-04,DE,play_store,paid_social
u_003721,2025-08-03,FR,stripe,paid_social
u_003722,2025-06-07,US,app_store,paid_social
u_003723,2024-12-07,US,stripe,referral
u_003724,2024-12-01,DE,app_store,paid_social
u_003725,2025-05-18,IN,play_store,paid_social
u_003726,2024-03-20,BR,stripe,organic
u_003727,2025-09-26,US,app_store,paid_search
u_003728,2024-01-01,GB,app_store,influencer
u_003729,2024-06-12,US,app_store,paid_social
u_003730,2025-03-09,AU,app_store,paid_search
u_003731,2025-03-03,BR,app_store,organic
u_003732,2024-05-02,GB,app_store,paid_social
u_003733,2024-05-03,FR,play_store,organic
u_003734,2025-05-02,US,app_store,paid_social
u_003735,2025-04-11,FR,play_store,influencer
u_003736,2024-10-06,US,play_store,referral
u_003737,2024-03-05,CA,app_store,organic
u_003738,2025-02-11,BR,app_store,referral
u_003739,2025-03-18,JP,app_store,organic
u_003740,2025-08-13,FR,play_store,paid_search
u_003741,2024-10-15,CA,app_store,paid_search
u_003742,2024-01-25,BR,stripe,paid_social
u_003743,2024-08-28,CA,stripe,organic
u_003744,2025-07-30,JP,app_store,referral
u_003745,2024-08-25,CA,play_store,paid_search
u_003746,2025-01-07,US,app_store,referral
u_003747,2025-07-11,US,play_store,paid_search
u_003748,2025-07-18,IN,app_store,paid_search
u_003749,2025-02-20,US,app_store,referral
u_003750,2024-12-21,AU,app_store,referral
u_003751,2025-11-22,IN,app_store,referral
u_003752,2024-03-29,BR,stripe,paid_search
u_003753,2025-01-02,BR,play_store,influencer
u_003754,2025-11-27,US,app_store,influencer
u_003755,2025-10-02,US,app_store,paid_social
u_003756,2025-08-10,US,stripe,paid_social
u_003757,2025-12-10,GB,stripe,organic
u_003758,2025-05-28,IN,play_store,influencer
u_003759,2024-01-05,US,play_store,paid_social
u_003760,2024-08-20,CA,play_store,referral
u_003761,2024-04-29,GB,stripe,paid_search
u_003762,2025-07-15,FR,play_store,referral
u_003763,2024-08-12,IN,play_store,organic
u_003764,2024-08-19,BR,play_store,paid_social
u_003765,2024-01-01,FR,stripe,organic
u_003766,2025-05-22,US,app_store,paid_search
u_003767,2024-09-04,AU,app_store,paid_social
u_003768,2025-07-08,BR,stripe,paid_social
u_003769,2024-01-25,US,app_store,paid_social
u_003770,2024-07-09,JP,play_store,organic
u_003771,2024-09-16,DE,app_store,paid_search
u_003772,2025-11-08,DE,play_store,paid_search
u_003773,2024-12-17,GB,app_store,referral
u_003774,2025-09-26,IN,play_store,influencer
u_003775,2025-08-30,US,play_store,organic
u_003776,2025-05-26,GB,app_store,referral
u_003777,2025-01-27,AU,play_store,referral
u_003778,2025-12-06,IN,stripe,referral
u_003779,2024-01-28,GB,stripe,organic
u_003780,2025-05-01,US,app_store,paid_social
u_003781,2025-10-08,FR,play_store,paid_search
u_003782,2024-09-04,BR,play_store,paid_search
u_003783,2024-11-13,IN,play_store,referral
u_003784,2024-08-09,BR,app_store,paid_social
u_003785,2025-08-30,FR,play_store,influencer
u_003786,2025-03-31,US,app_store,paid_search
u_003787,2025-12-14,IN,stripe,influencer
u_003788,2025-10-31,CA,app_store,organic
u_003789,2025-12-15,IN,app_store,referral
u_003790,2024-10-27,JP,app_store,influencer
u_003791,2024-12-05,DE,play_store,organic
u_003792,2024-07-22,IN,app_store,referral
u_003793,2025-10-31,FR,play_store,organic
u_003794,2024-11-05,US,app_store,influencer
u_003795,2025-05-20,US,app_store,organic
u_003796,2024-04-13,US,app_store,influencer
u_003797,2025-07-30,US,play_store,referral
u_003798,2024-01-22,CA,stripe,paid_search
u_003799,2025-10-12,IN,app_store,organic
u_003800,2024-10-12,DE,play_store,organic
u_003801,2024-03-07,US,stripe,paid_search
u_003802,2025-05-01,DE,stripe,paid_social
u_003803,2024-05-03,US,app_store,paid_social
u_003804,2025-11-11,US,play_store,influencer
u_003805,2025-01-17,IN,play_store,paid_social
u_003806,2025-08-19,DE,play_store,paid_social
u_003807,2024-07-26,US,app_store,referral
u_003808,2024-01-12,GB,play_store,organic
u_003809,2024-04-25,IN,app_store,influencer
u_003810,2024-01-10,GB,stripe,paid_search
u_003811,2024-09-06,FR,stripe,paid_social
u_003812,2025-11-10,DE,play_store,organic
u_003813,2024-06-25,GB,play_store,influencer
u_003814,2024-03-13,US,app_store,influencer
u_003815,2024-05-28,FR,app_store,influencer
u_003816,2024-03-15,IN,app_store,referral
u_003817,2025-10-02,GB,app_store,paid_search
u_003818,2025-02-20,US,app_store,paid_search
u_003819,2025-02-08,US,play_store,paid_search
u_003820,2025-02-04,DE,stripe,paid_social
u_003821,2024-05-10,DE,stripe,influencer
u_003822,2025-02-20,BR,play_store,paid_social
u_003823,2024-09-04,IN,app_store,organic
u_003824,2025-03-19,IN,app_store,influencer
u_003825,2024-03-27,CA,play_store,organic
u_003826,2025-01-13,US,app_store,paid_search
u_003827,2024-11-06,JP,play_store,paid_search
u_003828,2025-04-26,IN,app_store,influencer
u_003829,2025-12-12,IN,play_store,influencer
u_003830,2025-11-07,AU,app_store,paid_search
u_003831,2024-04-03,CA,stripe,influencer
u_003832,2025-06-13,BR,app_store,paid_search
u_003833,2024-10-04,FR,play_store,paid_social
u_003834,2024-11-16,FR,app_store,paid_social
u_003835,2025-08-02,US,stripe,paid_social
u_003836,2024-12-09,IN,app_store,paid_search
u_003837,2025-09-04,DE,play_store,influencer
u_003838,2024-05-22,JP,play_store,paid_social
u_003839,2025-12-04,CA,play_store,influencer
u_003840,2024-11-24,US,play_store,influencer
u_003841,2024-06-26,US,play_store,paid_search
u_003842,2025-10-15,US,play_store,paid_search
u_003843,2024-07-06,FR,stripe,paid_search
u_003844,2024-09-08,GB,play_store,influencer
u_003845,2025-04-15,IN,app_store,influencer
u_003846,2024-03-14,US,stripe,influencer
u_003847,2025-02-06,US,app_store,paid_search
u_003848,2025-05-21,DE,stripe,influencer
u_003849,2024-10-10,IN,app_store,paid_search
u_003850,2024-02-22,MX,play_store,referral
u_003851,2025-09-01,US,app_store,paid_search
u_003852,2024-05-02,US,app_store,organic
u_003853,2024-02-12,JP,app_store,influencer
u_003854,2025-07-02,US,play_store,referral
u_003855,2024-07-28,US,play_store,organic
u_003856,2024-01-11,US,stripe,paid_search
u_003857,2024-10-18,DE,app_store,influencer
u_003858,2025-09-10,IN,app_store,influencer
u_003859,2024-12-28,JP,app_store,influencer
u_003860,2025-08-21,GB,app_store,referral
u_003861,2024-07-27,IN,app_store,paid_social
u_003862,2024-04-03,IN,play_store,paid_search
u_003863,2025-05-12,US,app_store,referral
u_003864,2024-08-14,US,play_store,paid_social
u_003865,2024-08-13,US,app_store,paid_search
u_003866,2025-03-21,IN,play_store,referral
u_003867,2025-04-01,US,app_store,organic
u_003868,2025-02-22,CA,app_store,referral
u_003869,2025-09-21,AU,app_store,paid_search
u_003870,2024-07-29,FR,play_store,influencer
u_003871,2024-12-16,GB,play_store,influencer
u_003872,2025-02-01,JP,play_store,paid_search
u_003873,2024-05-27,CA,play_store,referral
u_003874,2024-06-21,AU,app_store,paid_search
u_003875,2024-12-27,DE,app_store,paid_search
u_003876,2024-08-24,GB,stripe,organic
u_003877,2025-12-03,FR,app_store,organic
u_003878,2025-04-08,CA,app_store,influencer
u_003879,2024-12-19,GB,app_store,referral
u_003880,2025-04-01,FR,app_store,paid_search
u_003881,2024-12-22,US,app_store,paid_search
u_003882,2025-05-05,US,app_store,influencer
u_003883,2025-10-22,IN,play_store,paid_social
u_003884,2024-02-07,MX,app_store,paid_social
u_003885,2024-04-02,CA,app_store,influencer
u_003886,2025-12-13,IN,app_store,influencer
u_003887,2024-09-18,DE,app_store,referral
u_003888,2024-10-12,FR,app_store,referral
u_003889,2024-11-15,US,app_store,organic
u_003890,2025-09-27,US,play_store,paid_social
u_003891,2024-10-22,IN,stripe,paid_social
u_003892,2024-08-29,US,stripe,influencer
u_003893,2024-03-19,US,app_store,paid_social
u_003894,2025-06-30,US,play_store,paid_search
u_003895,2024-07-02,US,stripe,paid_social
u_003896,2024-01-09,GB,app_store,paid_search
u_003897,2025-06-09,JP,play_store,organic
u_003898,2025-02-07,US,app_store,paid_social
u_003899,2024-05-15,US,play_store,paid_search
u_003900,2025-08-10,AU,play_store,referral
u_003901,2024-06-28,CA,play_store,paid_social
u_003902,2025-10-17,BR,app_store,referral
u_003903,2024-05-19,US,play_store,referral
u_003904,2025-11-24,AU,play_store,referral
u_003905,2025-06-21,DE,play_store,influencer
u_003906,2024-12-28,AU,play_store,referral
u_003907,2024-09-14,IN,app_store,influencer
u_003908,2025-05-26,US,app_store,organic
u_003909,2025-09-06,MX,stripe,organic
u_003910,2025-09-10,FR,app_store,paid_search
u_003911,2025-01-17,US,play_store,organic
u_003912,2024-08-08,DE,play_store,paid_social
u_003913,2025-04-05,FR,play_store,paid_social
u_003914,2025-10-26,AU,app_store,paid_social
u_003915,2024-01-17,FR,stripe,paid_search
u_003916,2025-05-13,GB,play_store,paid_search
u_003917,2024-07-28,DE,app_store,organic
u_003918,2024-09-08,MX,stripe,organic
u_003919,2024-10-29,GB,app_store,referral
u_003920,2025-10-31,FR,app_store,paid_search
u_003921,2024-12-29,JP,play_store,organic
u_003922,2025-05-05,US,app_store,paid_search
u_003923,2025-06-02,US,stripe,paid_social
u_003924,2025-07-29,US,app_store,paid_social
u_003925,2025-10-07,IN,app_store,referral
u_003926,2024-12-08,AU,play_store,influencer
u_003927,2024-11-30,US,app_store,influencer
u_003928,2025-08-22,US,app_store,referral
u_003929,2025-03-19,AU,app_store,influencer
u_003930,2025-08-02,IN,stripe,paid_social
u_003931,2025-01-21,GB,play_store,paid_search
u_003932,2024-05-27,US,stripe,organic
u_003933,2025-09-23,GB,app_store,organic
u_003934,2024-02-15,GB,stripe,paid_social
u_003935,2025-03-04,IN,app_store,paid_social
u_003936,2025-03-13,IN,app_store,paid_social
u_003937,2024-01-01,MX,app_store,organic
u_003938,2024-09-28,CA,play_store,paid_social
u_003939,2025-04-24,FR,app_store,referral
u_003940,2024-04-26,US,play_store,paid_search
u_003941,2025-09-23,CA,app_store,referral
u_003942,2024-09-21,IN,play_store,paid_search
u_003943,2025-10-08,BR,play_store,influencer
u_003944,2025-06-16,CA,stripe,paid_social
u_003945,2024-08-19,JP,app_store,paid_search
u_003946,2024-12-02,FR,app_store,referral
u_003947,2024-02-22,MX,app_store,paid_search
u_003948,2024-04-19,JP,play_store,paid_social
u_003949,2024-09-11,DE,app_store,organic
u_003950,2025-12-15,IN,app_store,referral
u_003951,2025-03-05,IN,app_store,paid_social
u_003952,2024-06-15,BR,stripe,organic
u_003953,2024-11-17,FR,app_store,referral
u_003954,2025-03-18,US,play_store,organic
u_003955,2024-12-07,FR,app_store,paid_social
u_003956,2025-05-13,FR,play_store,referral
u_003957,2025-08-25,US,app_store,paid_social
u_003958,2024-10-20,US,stripe,paid_search
u_003959,2024-06-12,IN,play_store,organic
u_003960,2024-04-13,US,play_store,organic
u_003961,2024-06-02,IN,play_store,organic
u_003962,2025-12-15,BR,stripe,organic
u_003963,2025-04-27,US,app_store,paid_search
u_003964,2025-11-26,CA,stripe,paid_search
u_003965,2025-11-13,IN,app_store,paid_search
u_003966,2024-12-04,US,stripe,organic
u_003967,2024-02-10,BR,stripe,paid_social
u_003968,2024-06-23,FR,stripe,referral
u_003969,2024-04-20,US,app_store,influencer
u_003970,2024-03-14,JP,app_store,organic
u_003971,2025-04-18,BR,app_store,influencer
u_003972,2024-04-08,IN,app_store,paid_search
u_003973,2024-02-02,GB,app_store,paid_social
u_003974,2025-12-12,DE,play_store,influencer
u_003975,2024-11-09,US,play_store,referral
u_003976,2025-03-04,JP,app_store,paid_search
u_003977,2025-11-13,GB,app_store,paid_social
u_003978,2024-06-07,US,app_store,organic
u_003979,2024-05-31,US,app_store,paid_social
u_003980,2024-03-16,US,app_store,paid_search
u_003981,2025-08-16,US,play_store,referral
u_003982,2024-05-05,FR,play_store,influencer
u_003983,2025-08-24,GB,play_store,referral
u_003984,2025-11-02,US,app_store,paid_social
u_003985,2024-12-19,US,app_store,paid_search
u_003986,2025-02-02,US,play_store,referral
u_003987,2024-11-27,DE,stripe,referral
u_003988,2025-11-05,GB,stripe,influencer
u_003989,2025-12-17,US,stripe,paid_social
u_003990,2024-09-13,DE,play_store,paid_search
u_003991,2024-05-31,US,app_store,influencer
u_003992,2025-09-10,IN,app_store,paid_social
u_003993,2024-07-03,DE,play_store,paid_search
u_003994,2024-12-17,JP,app_store,organic
u_003995,2024-04-17,IN,stripe,influencer
u_003996,2024-07-25,US,app_store,influencer
u_003997,2024-10-07,IN,stripe,influencer
u_003998,2025-09-19,FR,app_store,organic
u_003999,2025-04-10,MX,play_store,paid_search
u_004000,2025-07-05,MX,play_store,paid_search
u_004001,2024-12-06,US,play_store,organic
u_004002,2025-04-30,JP,app_store,referral
u_004003,2025-09-15,IN,stripe,influencer
u_004004,2024-08-16,DE,app_store,organic
u_004005,2024-08-22,BR,play_store,referral
u_004006,2024-09-28,US,app_store,paid_social
u_004007,2025-04-05,US,app_store,organic
u_004008,2024-03-18,JP,app_store,influencer
u_004009,2025-03-02,US,stripe,paid_search
u_004010,2025-09-06,BR,play_store,influencer
u_004011,2024-08-06,IN,play_store,organic
u_004012,2024-08-28,FR,app_store,paid_search
u_004013,2024-06-30,IN,app_store,referral
u_004014,2024-03-22,GB,app_store,referral
u_004015,2024-01-22,US,stripe,paid_search
u_004016,2024-06-22,BR,play_store,referral
u_004017,2024-06-14,FR,app_store,paid_social
u_004018,2025-01-05,US,stripe,paid_search
u_004019,2025-07-09,CA,play_store,organic
u_004020,2024-06-08,FR,stripe,organic
u_004021,2024-09-02,US,play_store,paid_search
u_004022,2024-07-02,US,play_store,organic
u_004023,2025-05-27,AU,play_store,referral
u_004024,2025-06-07,US,play_store,paid_search
u_004025,2024-03-26,GB,app_store,paid_social
u_004026,2025-02-01,JP,play_store,paid_search
u_004027,2024-01-19,FR,play_store,organic
u_004028,2024-03-05,US,app_store,influencer
u_004029,2025-12-07,IN,play_store,paid_search
u_004030,2024-01-31,GB,app_store,referral
u_004031,2024-04-16,JP,play_store,referral
u_004032,2024-08-05,US,play_store,referral
u_004033,2025-08-23,AU,app_store,paid_social
u_004034,2025-11-03,FR,play_store,influencer
u_004035,2025-04-13,GB,play_store,paid_social
u_004036,2024-02-12,US,app_store,influencer
u_004037,2024-12-29,US,play_store,paid_search
u_004038,2025-10-26,GB,play_store,organic
u_004039,2024-11-18,FR,app_store,organic
u_004040,2025-08-31,IN,play_store,influencer
u_004041,2024-05-19,DE,play_store,influencer
u_004042,2024-12-14,US,stripe,paid_search
u_004043,2024-09-08,GB,stripe,paid_search
u_004044,2024-02-09,JP,app_store,paid_search
u_004045,2025-11-11,MX,app_store,paid_search
u_004046,2025-01-23,MX,app_store,referral
u_004047,2024-03-17,MX,app_store,referral
u_004048,2024-11-11,CA,app_store,organic
u_004049,2024-10-18,GB,play_store,paid_social
u_004050,2025-06-21,BR,stripe,paid_search
u_004051,2024-04-26,US,app_store,paid_search
u_004052,2024-11-21,FR,app_store,paid_social
u_004053,2025-08-19,JP,app_store,paid_search
u_004054,2024-11-14,JP,play_store,influencer
u_004055,2024-03-22,JP,play_store,influencer
u_004056,2025-12-08,IN,stripe,paid_search
u_004057,2024-04-12,FR,play_store,organic
u_004058,2024-11-15,FR,app_store,paid_search
u_004059,2024-10-02,AU,app_store,organic
u_004060,2025-08-25,US,stripe,organic
u_004061,2025-04-25,JP,app_store,organic
u_004062,2024-09-27,US,stripe,paid_social
u_004063,2024-03-24,GB,app_store,influencer
u_004064,2024-04-16,BR,app_store,paid_social
u_004065,2024-05-09,US,stripe,influencer
u_004066,2024-09-01,MX,app_store,influencer
u_004067,2024-10-06,IN,play_store,paid_social
u_004068,2025-05-19,IN,app_store,paid_social
u_004069,2025-09-19,BR,app_store,influencer
u_004070,2024-10-26,GB,app_store,influencer
u_004071,2025-02-25,FR,app_store,paid_social
u_004072,2025-09-23,JP,app_store,referral
u_004073,2024-09-18,BR,play_store,organic
u_004074,2025-02-19,IN,play_store,paid_social
u_004075,2025-08-13,US,play_store,organic
u_004076,2025-11-18,US,play_store,paid_social
u_004077,2024-09-12,AU,play_store,referral
u_004078,2024-05-16,MX,app_store,organic
u_004079,2025-08-11,US,app_store,organic
u_004080,2025-12-13,US,app_store,paid_social
u_004081,2025-04-02,US,play_store,organic
u_004082,2025-01-12,GB,app_store,influencer
u_004083,2025-11-27,US,play_store,paid_social
u_004084,2024-07-30,GB,app_store,paid_social
u_004085,2025-05-16,IN,app_store,organic
u_004086,2024-09-15,US,play_store,organic
u_004087,2024-03-02,AU,play_store,paid_social
u_004088,2025-02-27,US,app_store,paid_search
u_004089,2024-10-13,US,play_store,referral
u_004090,2025-06-26,US,play_store,paid_search
u_004091,2025-10-21,US,app_store,paid_search
u_004092,2025-05-03,MX,app_store,referral
u_004093,2024-08-13,DE,app_store,paid_social
u_004094,2025-10-22,IN,app_store,influencer
u_004095,2025-06-05,BR,app_store,paid_search
u_004096,2025-01-14,IN,play_store,paid_search
u_004097,2025-11-05,IN,app_store,referral
u_004098,2024-01-21,US,stripe,organic
u_004099,2024-09-04,FR,app_store,paid_social
u_004100,2025-11-15,FR,stripe,influencer
u_004101,2025-06-26,FR,play_store,influencer
u_004102,2024-01-04,US,app_store,influencer
u_004103,2025-03-05,IN,app_store,paid_social
u_004104,2024-07-10,US,app_store,referral
u_004105,2024-09-14,CA,app_store,paid_social
u_004106,2025-10-05,DE,stripe,influencer
u_004107,2025-08-01,IN,app_store,referral
u_004108,2025-10-01,US,app_store,organic
u_004109,2024-12-10,GB,play_store,influencer
u_004110,2024-12-07,IN,app_store,influencer
u_004111,2024-01-17,CA,app_store,paid_social
u_004112,2024-08-24,DE,app_store,referral
u_004113,2025-02-26,IN,play_store,organic
u_004114,2025-11-28,MX,play_store,paid_social
u_004115,2024-08-14,CA,app_store,organic
u_004116,2024-02-07,US,stripe,referral
u_004117,2024-05-03,MX,play_store,referral
u_004118,2024-08-02,US,stripe,influencer
u_004119,2024-05-01,US,app_store,influencer
u_004120,2025-07-03,AU,stripe,paid_social
u_004121,2024-02-15,DE,app_store,paid_social
u_004122,2025-11-04,AU,play_store,referral
u_004123,2024-08-09,AU,stripe,organic
u_004124,2024-03-31,IN,app_store,influencer
u_004125,2024-10-11,US,play_store,paid_search
u_004126,2025-04-08,IN,app_store,organic
u_004127,2025-10-04,IN,play_store,paid_social
u_004128,2024-06-25,JP,app_store,organic
u_004129,2024-07-02,US,app_store,paid_social
u_004130,2024-10-29,DE,play_store,paid_social
u_004131,2025-09-25,US,app_store,paid_social
u_004132,2025-01-10,BR,stripe,paid_search
u_004133,2025-12-04,DE,play_store,paid_social
u_004134,2025-04-30,GB,app_store,organic
u_004135,2025-06-29,US,stripe,referral
u_004136,2024-04-21,US,app_store,organic
u_004137,2024-06-06,DE,app_store,paid_social
u_004138,2024-09-29,CA,play_store,influencer
u_004139,2025-08-28,FR,stripe,paid_search
u_004140,2025-04-08,US,stripe,influencer
u_004141,2025-11-07,IN,stripe,referral
u_004142,2024-06-25,BR,play_store,paid_search
u_004143,2024-11-19,US,app_store,organic
u_004144,2024-07-19,DE,app_store,influencer
u_004145,2025-04-21,FR,stripe,organic
u_004146,2025-12-12,US,app_store,influencer
u_004147,2024-04-25,IN,app_store,influencer
u_004148,2024-05-18,US,app_store,paid_social
u_004149,2024-05-09,US,app_store,influencer
u_004150,2025-07-10,FR,app_store,influencer
u_004151,2024-03-26,GB,play_store,paid_search
u_004152,2024-09-24,GB,app_store,paid_social
u_004153,2024-02-15,DE,stripe,paid_social
u_004154,2024-05-23,JP,app_store,organic
u_004155,2025-06-14,US,app_store,referral
u_004156,2025-10-11,IN,play_store,paid_search
u_004157,2025-04-16,US,app_store,paid_search
u_004158,2024-01-31,US,app_store,organic
u_004159,2025-11-11,CA,stripe,organic
u_004160,2024-03-26,GB,play_store,influencer
u_004161,2024-03-24,US,app_store,organic
u_004162,2025-03-25,AU,play_store,paid_search
u_004163,2024-02-28,AU,play_store,influencer
u_004164,2024-01-27,CA,stripe,paid_search
u_004165,2025-01-23,BR,play_store,influencer
u_004166,2025-10-23,US,app_store,paid_social
u_004167,2024-03-28,IN,app_store,influencer
u_004168,2025-07-06,DE,play_store,organic
u_004169,2024-06-03,US,play_store,influencer
u_004170,2025-09-28,AU,app_store,referral
u_004171,2024-02-11,IN,play_store,organic
u_004172,2025-09-05,US,play_store,paid_social
u_004173,2025-01-21,GB,app_store,paid_search
u_004174,2025-06-12,US,app_store,referral
u_004175,2025-07-30,US,app_store,paid_search
u_004176,2025-06-07,US,app_store,organic
u_004177,2025-01-09,GB,app_store,influencer
u_004178,2025-01-19,CA,play_store,organic
u_004179,2025-10-02,DE,app_store,paid_social
u_004180,2025-02-24,BR,play_store,referral
u_004181,2025-09-24,GB,stripe,influencer
u_004182,2025-10-13,MX,stripe,influencer
u_004183,2024-07-08,US,app_store,organic
u_004184,2024-05-05,FR,app_store,influencer
u_004185,2024-05-07,FR,stripe,organic
u_004186,2024-09-24,BR,app_store,paid_social
u_004187,2025-07-14,MX,play_store,paid_social
u_004188,2025-06-12,US,play_store,paid_social
u_004189,2025-06-25,BR,app_store,paid_social
u_004190,2024-06-07,BR,app_store,referral
u_004191,2025-09-25,BR,play_store,influencer
u_004192,2025-08-08,BR,play_store,paid_search
u_004193,2025-02-21,US,app_store,referral
u_004194,2024-05-13,GB,play_store,influencer
u_004195,2025-03-17,US,app_store,paid_search
u_004196,2024-03-25,DE,app_store,referral
u_004197,2024-10-25,MX,play_store,paid_social
u_004198,2024-12-29,MX,app_store,paid_search
u_004199,2024-02-13,US,play_store,paid_search
u_004200,2024-12-14,IN,app_store,paid_social
u_004201,2024-01-24,BR,play_store,paid_search
u_004202,2025-02-25,AU,stripe,influencer
u_004203,2025-08-12,MX,play_store,organic
u_004204,2024-08-19,CA,app_store,influencer
u_004205,2025-12-15,IN,app_store,paid_search
u_004206,2024-12-05,CA,app_store,influencer
u_004207,2025-12-14,US,play_store,organic
u_004208,2024-10-23,CA,app_store,paid_search
u_004209,2024-09-01,US,app_store,paid_search
u_004210,2024-07-17,JP,app_store,paid_search
u_004211,2024-05-05,GB,app_store,paid_social
u_004212,2024-04-14,US,play_store,referral
u_004213,2025-06-22,DE,stripe,organic
u_004214,2025-07-11,US,stripe,paid_social
u_004215,2025-08-30,US,play_store,referral
u_004216,2024-08-09,US,play_store,paid_social
u_004217,2024-02-10,FR,stripe,organic
u_004218,2024-03-26,FR,play_store,influencer
u_004219,2025-05-23,AU,app_store,referral
u_004220,2024-04-07,DE,play_store,referral
u_004221,2025-07-19,CA,play_store,organic
u_004222,2024-01-11,FR,app_store,organic
u_004223,2024-01-31,IN,app_store,referral
u_004224,2024-04-24,IN,stripe,influencer
u_004225,2024-01-14,US,app_store,referral
u_004226,2025-10-14,CA,app_store,paid_search
u_004227,2025-09-02,US,play_store,referral
u_004228,2024-01-04,FR,play_store,referral
u_004229,2025-01-11,BR,app_store,organic
u_004230,2024-03-19,GB,app_store,organic
u_004231,2025-06-22,BR,play_store,organic
u_004232,2025-07-06,US,app_store,influencer
u_004233,2025-05-03,GB,app_store,paid_social
u_004234,2025-02-21,US,stripe,paid_social
u_004235,2024-08-08,BR,play_store,organic
u_004236,2024-09-02,DE,app_store,referral
u_004237,2024-03-19,US,stripe,paid_search
u_004238,2024-05-13,IN,app_store,organic
u_004239,2025-01-10,BR,play_store,paid_search
u_004240,2024-08-31,IN,app_store,referral
u_004241,2024-02-17,IN,app_store,paid_social
u_004242,2025-03-12,AU,app_store,organic
u_004243,2024-07-16,FR,app_store,paid_social
u_004244,2025-01-04,GB,stripe,organic
u_004245,2024-01-28,GB,play_store,organic
u_004246,2024-11-24,MX,app_store,paid_social
u_004247,2024-08-11,US,app_store,organic
u_004248,2025-03-16,IN,app_store,influencer
u_004249,2024-04-21,IN,stripe,referral
u_004250,2025-07-28,BR,app_store,paid_social
u_004251,2025-06-21,JP,app_store,organic
u_004252,2024-04-28,US,stripe,organic
u_004253,2025-06-24,MX,play_store,paid_search
u_004254,2024-11-01,US,stripe,influencer
u_004255,2025-06-25,US,app_store,paid_social
u_004256,2025-10-22,GB,play_store,organic
u_004257,2024-04-14,BR,play_store,organic
u_004258,2025-09-12,JP,play_store,influencer
u_004259,2025-08-17,CA,stripe,paid_search
u_004260,2025-08-10,US,app_store,referral
u_004261,2024-09-18,IN,app_store,influencer
u_004262,2025-08-09,BR,play_store,influencer
u_004263,2025-08-09,JP,stripe,paid_search
u_004264,2025-07-19,BR,play_store,referral
u_004265,2024-04-01,FR,app_store,influencer
u_004266,2025-01-09,IN,play_store,influencer
u_004267,2024-09-11,US,play_store,paid_search
u_004268,2024-01-22,AU,stripe,influencer
u_004269,2025-09-25,AU,stripe,paid_social
u_004270,2024-07-13,US,stripe,paid_social
u_004271,2024-10-28,AU,play_store,referral
u_004272,2025-02-17,IN,stripe,organic
u_004273,2025-02-21,BR,app_store,influencer
u_004274,2025-04-29,US,play_store,referral
u_004275,2025-03-03,MX,app_store,referral
u_004276,2024-06-27,AU,app_store,paid_social
u_004277,2025-06-16,BR,app_store,influencer
u_004278,2025-01-05,BR,stripe,influencer
u_004279,2024-05-21,BR,play_store,organic
u_004280,2024-10-18,JP,stripe,referral
u_004281,2025-11-10,US,app_store,influencer
u_004282,2025-09-16,DE,app_store,paid_social
u_004283,2025-02-19,IN,app_store,paid_social
u_004284,2025-03-20,BR,app_store,influencer
u_004285,2025-01-26,IN,app_store,organic
u_004286,2024-08-09,US,play_store,referral
u_004287,2024-04-10,BR,play_store,paid_social
u_004288,2024-07-13,JP,app_store,paid_search
u_004289,2024-05-03,US,app_store,paid_search
u_004290,2025-02-12,IN,app_store,paid_search
u_004291,2025-06-05,US,stripe,organic
u_004292,2024-06-17,DE,app_store,organic
u_004293,2025-11-14,JP,app_store,referral
u_004294,2025-02-02,US,app_store,referral
u_004295,2025-05-30,US,app_store,paid_social
u_004296,2025-09-18,GB,stripe,organic
u_004297,2024-02-19,MX,app_store,organic
u_004298,2025-09-18,BR,app_store,influencer
u_004299,2024-03-15,JP,app_store,referral
u_004300,2025-02-21,AU,stripe,influencer
u_004301,2024-07-19,FR,stripe,referral
u_004302,2025-10-04,US,play_store,paid_social
u_004303,2025-10-14,US,app_store,referral
u_004304,2025-03-27,DE,app_store,paid_social
u_004305,2024-02-29,CA,app_store,paid_social
u_004306,2025-02-16,AU,app_store,paid_social
u_004307,2025-09-02,US,app_store,organic
u_004308,2025-05-18,CA,stripe,referral
u_004309,2024-02-18,MX,play_store,influencer
u_004310,2024-03-09,AU,app_store,referral
u_004311,2025-06-20,BR,app_store,paid_social
u_004312,2024-07-22,US,app_store,paid_social
u_004313,2024-11-17,GB,stripe,paid_social
u_004314,2024-12-19,FR,app_store,referral
u_004315,2025-07-11,FR,play_store,paid_social
u_004316,2024-06-17,BR,app_store,paid_social
u_004317,2024-01-01,GB,app_store,referral
u_004318,2024-08-31,JP,stripe,paid_search
u_004319,2024-05-15,DE,play_store,paid_search
u_004320,2025-01-20,US,app_store,organic
u_004321,2025-11-14,IN,app_store,influencer
u_004322,2024-02-20,CA,app_store,influencer
u_004323,2024-11-26,US,stripe,paid_search
u_004324,2025-06-06,US,stripe,referral
u_004325,2024-10-09,US,app_store,referral
u_004326,2024-07-28,CA,stripe,referral
u_004327,2025-04-26,IN,stripe,referral
u_004328,2025-05-26,BR,app_store,paid_social
u_004329,2024-03-17,US,app_store,organic
u_004330,2025-05-18,FR,play_store,paid_social
u_004331,2024-04-14,BR,app_store,referral
u_004332,2024-06-24,IN,app_store,referral
u_004333,2025-12-04,BR,app_store,referral
u_004334,2024-08-25,FR,play_store,organic
u_004335,2025-06-11,US,play_store,paid_search
u_004336,2025-02-22,US,app_store,referral
u_004337,2024-01-24,IN,play_store,influencer
u_004338,2025-10-13,DE,play_store,organic
u_004339,2025-04-09,DE,app_store,referral
u_004340,2024-08-29,FR,play_store,paid_social
u_004341,2024-01-16,GB,app_store,influencer
u_004342,2024-05-27,US,stripe,paid_social
u_004343,2024-08-17,BR,app_store,paid_social
u_004344,2024-03-29,MX,play_store,paid_search
u_004345,2024-01-16,AU,play_store,referral
u_004346,2024-04-17,CA,app_store,paid_social
u_004347,2024-03-15,IN,play_store,paid_social
u_004348,2024-03-15,MX,app_store,influencer
u_004349,2025-02-11,MX,play_store,organic
u_004350,2025-07-24,IN,play_store,paid_search
u_004351,2024-08-28,DE,play_store,paid_search
u_004352,2025-07-13,FR,stripe,paid_social
u_004353,2024-02-08,JP,play_store,influencer
u_004354,2025-12-09,CA,play_store,influencer
u_004355,2025-03-19,MX,play_store,paid_search
u_004356,2025-06-03,MX,play_store,paid_search
u_004357,2025-09-12,GB,play_store,influencer
u_004358,2025-07-20,BR,play_store,paid_search
u_004359,2024-12-21,DE,play_store,referral
u_004360,2024-02-06,CA,app_store,paid_search
u_004361,2024-07-02,US,play_store,referral
u_004362,2025-02-03,DE,play_store,paid_social
u_004363,2024-01-27,FR,play_store,referral
u_004364,2024-03-20,MX,app_store,referral
u_004365,2025-05-21,BR,play_store,influencer
u_004366,2024-06-02,JP,play_store,referral
u_004367,2025-06-01,IN,stripe,paid_social
u_004368,2024-11-23,IN,app_store,organic
u_004369,2025-10-20,IN,play_store,organic
u_004370,2025-02-12,BR,play_store,paid_social
u_004371,2025-01-12,US,app_store,organic
u_004372,2025-11-10,FR,app_store,referral
u_004373,2025-01-25,CA,app_store,referral
u_004374,2025-08-05,US,play_store,paid_social
u_004375,2024-10-13,FR,app_store,paid_search
u_004376,2025-01-18,US,app_store,influencer
u_004377,2025-02-06,DE,app_store,paid_social
u_004378,2024-12-27,JP,play_store,paid_social
u_004379,2025-10-15,US,stripe,influencer
u_004380,2025-08-12,JP,play_store,paid_social
u_004381,2024-07-18,IN,stripe,influencer
u_004382,2024-04-15,GB,app_store,organic
u_004383,2025-12-01,CA,app_store,influencer
u_004384,2024-12-11,CA,stripe,paid_social
u_004385,2024-12-17,GB,stripe,paid_social
u_004386,2025-02-17,MX,app_store,paid_social
u_004387,2024-12-17,IN,play_store,paid_search
u_004388,2024-04-14,US,stripe,influencer
u_004389,2024-04-18,IN,app_store,paid_search
u_004390,2024-01-27,MX,play_store,paid_search
u_004391,2025-01-30,MX,play_store,organic
u_004392,2025-09-16,GB,play_store,paid_search
u_004393,2024-09-24,US,app_store,influencer
u_004394,2024-05-02,FR,stripe,influencer
u_004395,2024-03-17,FR,app_store,referral
u_004396,2025-09-05,IN,app_store,influencer
u_004397,2024-12-07,IN,app_store,organic
u_004398,2024-03-29,JP,app_store,paid_search
u_004399,2024-03-31,GB,play_store,paid_search
u_004400,2024-12-01,US,app_store,paid_social
u_004401,2025-01-09,BR,app_store,referral
u_004402,2025-05-02,CA,stripe,organic
u_004403,2024-08-31,AU,app_store,paid_search
u_004404,2024-02-16,US,play_store,paid_social
u_004405,2025-12-14,FR,stripe,paid_search
u_004406,2024-03-30,US,app_store,referral
u_004407,2025-01-27,BR,stripe,organic
u_004408,2025-12-13,IN,play_store,organic
u_004409,2025-09-11,CA,app_store,referral
u_004410,2024-01-07,US,app_store,influencer
u_004411,2025-06-23,IN,play_store,referral
u_004412,2024-06-15,FR,stripe,influencer
u_004413,2025-03-14,DE,stripe,influencer
u_004414,2025-06-02,DE,play_store,influencer
u_004415,2025-03-28,US,stripe,paid_social
u_004416,2025-05-19,CA,play_store,paid_search
u_004417,2025-07-08,BR,play_store,referral
u_004418,2025-01-07,AU,app_store,influencer
u_004419,2024-10-21,US,app_store,influencer
u_004420,2024-05-01,MX,stripe,referral
u_004421,2024-12-06,US,stripe,organic
u_004422,2024-02-10,US,stripe,paid_search
u_004423,2025-10-16,US,play_store,paid_social
u_004424,2024-03-15,MX,app_store,organic
u_004425,2024-11-29,FR,app_store,organic
u_004426,2024-11-27,GB,app_store,paid_social
u_004427,2025-10-10,BR,play_store,paid_social
u_004428,2025-11-29,US,app_store,influencer
u_004429,2025-06-21,BR,app_store,influencer
u_004430,2025-05-17,US,stripe,paid_social
u_004431,2025-03-09,DE,play_store,referral
u_004432,2024-10-26,BR,app_store,organic
u_004433,2024-05-12,GB,play_store,paid_social
u_004434,2025-01-12,US,stripe,organic
u_004435,2025-06-22,US,stripe,influencer
u_004436,2024-04-18,CA,app_store,organic
u_004437,2024-05-09,US,app_store,organic
u_004438,2025-10-03,GB,app_store,referral
u_004439,2024-01-09,FR,play_store,referral
u_004440,2024-09-25,IN,app_store,influencer
u_004441,2025-04-19,GB,play_store,referral
u_004442,2025-02-17,IN,app_store,referral
u_004443,2024-06-30,AU,stripe,referral
u_004444,2025-04-20,GB,play_store,paid_search
u_004445,2025-07-29,BR,play_store,referral
u_004446,2024-06-07,FR,stripe,paid_search
u_004447,2024-05-25,BR,play_store,referral
u_004448,2025-01-26,FR,play_store,organic
u_004449,2025-02-05,US,stripe,referral
u_004450,2024-05-03,BR,app_store,referral
u_004451,2025-12-04,US,app_store,paid_social
u_004452,2025-08-01,BR,stripe,organic
u_004453,2024-11-29,US,app_store,influencer
u_004454,2025-09-21,US,app_store,paid_social
u_004455,2024-04-13,CA,play_store,influencer
u_004456,2024-03-18,BR,app_store,influencer
u_004457,2024-05-27,US,app_store,paid_search
u_004458,2024-09-07,AU,stripe,influencer
u_004459,2024-07-27,GB,stripe,paid_search
u_004460,2025-03-03,US,play_store,referral
u_004461,2025-05-19,US,stripe,paid_search
u_004462,2024-09-10,MX,play_store,paid_search
u_004463,2024-09-16,IN,stripe,referral
u_004464,2025-09-17,CA,app_store,referral
u_004465,2025-09-10,JP,stripe,referral
u_004466,2024-01-03,US,app_store,organic
u_004467,2024-06-14,US,app_store,influencer
u_004468,2025-04-24,AU,stripe,organic
u_004469,2024-08-07,IN,stripe,paid_search
u_004470,2024-05-21,IN,play_store,influencer
u_004471,2024-09-05,US,app_store,organic
u_004472,2024-05-17,AU,app_store,organic
u_004473,2025-07-15,US,app_store,organic
u_004474,2024-09-28,AU,play_store,referral
u_004475,2025-06-15,IN,stripe,referral
u_004476,2024-12-23,CA,play_store,paid_search
u_004477,2025-11-14,IN,app_store,influencer
u_004478,2025-02-07,FR,play_store,organic
u_004479,2024-07-25,US,stripe,paid_social
u_004480,2025-02-01,BR,stripe,influencer
u_004481,2024-11-24,US,app_store,paid_social
u_004482,2024-08-03,FR,play_store,organic
u_004483,2024-01-24,AU,play_store,paid_social
u_004484,2025-08-23,AU,play_store,organic
u_004485,2024-11-06,US,app_store,influencer
u_004486,2024-07-16,US,stripe,organic
u_004487,2025-08-13,DE,play_store,paid_social
u_004488,2025-12-04,IN,app_store,organic
u_004489,2024-05-28,GB,play_store,paid_social
u_004490,2024-04-28,US,app_store,referral
u_004491,2025-02-23,DE,play_store,organic
u_004492,2024-04-27,BR,play_store,organic
u_004493,2024-04-28,US,app_store,paid_social
u_004494,2024-07-04,US,play_store,organic
u_004495,2025-04-02,US,app_store,influencer
u_004496,2025-03-24,FR,app_store,influencer
u_004497,2024-08-07,US,play_store,referral
u_004498,2025-01-24,GB,play_store,paid_social
u_004499,2025-04-11,BR,play_store,paid_search
u_004500,2025-06-17,US,play_store,paid_search
u_004501,2024-06-29,US,app_store,influencer
u_004502,2025-11-30,GB,play_store,paid_search
u_004503,2024-01-09,IN,app_store,paid_social
u_004504,2024-06-02,IN,app_store,organic
u_004505,2025-08-28,US,stripe,paid_search
u_004506,2025-01-24,JP,app_store,organic
u_004507,2024-08-07,CA,play_store,paid_search
u_004508,2024-05-11,AU,play_store,organic
u_004509,2024-04-09,US,play_store,paid_social
u_004510,2024-10-09,US,stripe,influencer
u_004511,2024-11-30,IN,app_store,paid_social
u_004512,2024-08-05,JP,app_store,organic
u_004513,2024-06-08,US,stripe,organic
u_004514,2025-03-08,US,play_store,referral
u_004515,2024-08-24,IN,app_store,paid_social
u_004516,2025-09-05,BR,app_store,organic
u_004517,2025-03-17,DE,play_store,referral
u_004518,2024-08-21,US,stripe,influencer
u_004519,2025-10-27,MX,app_store,paid_search
u_004520,2024-09-24,MX,app_store,organic
u_004521,2024-08-15,CA,stripe,organic
u_004522,2024-09-12,US,app_store,paid_search
u_004523,2025-02-19,MX,play_store,referral
u_004524,2025-01-12,DE,play_store,influencer
u_004525,2024-03-07,GB,play_store,paid_search
u_004526,2025-01-15,US,stripe,paid_social
u_004527,2024-09-14,DE,app_store,paid_search
u_004528,2025-04-17,DE,app_store,influencer
u_004529,2024-03-01,AU,play_store,influencer
u_004530,2024-05-05,US,app_store,referral
u_004531,2025-07-21,US,app_store,paid_search
u_004532,2024-04-02,IN,app_store,organic
u_004533,2025-07-11,US,app_store,paid_search
u_004534,2025-04-03,US,play_store,organic
u_004535,2024-12-16,CA,play_store,paid_social
u_004536,2025-06-04,US,play_store,paid_social
u_004537,2024-02-25,DE,app_store,organic
u_004538,2024-02-18,JP,app_store,influencer
u_004539,2024-10-09,IN,app_store,referral
u_004540,2024-06-28,US,app_store,organic
u_004541,2025-08-01,DE,app_store,influencer
u_004542,2025-11-23,GB,app_store,referral
u_004543,2025-09-02,US,app_store,organic
u_004544,2025-07-28,US,app_store,paid_social
u_004545,2025-09-13,DE,stripe,referral
u_004546,2024-09-17,JP,stripe,referral
u_004547,2024-06-01,US,play_store,influencer
u_004548,2024-09-03,JP,play_store,referral
u_004549,2024-01-20,US,stripe,referral
u_004550,2025-02-28,DE,app_store,paid_search
u_004551,2025-10-03,IN,play_store,organic
u_004552,2024-02-21,DE,play_store,referral
u_004553,2024-05-07,FR,app_store,paid_search
u_004554,2025-08-22,US,play_store,influencer
u_004555,2024-03-10,JP,play_store,paid_search
u_004556,2025-08-10,US,app_store,organic
u_004557,2024-11-20,AU,app_store,influencer
u_004558,2025-09-15,IN,stripe,paid_search
u_004559,2025-10-24,JP,stripe,referral
u_004560,2025-09-12,IN,play_store,paid_social
u_004561,2025-10-25,US,play_store,referral
u_004562,2025-12-02,US,app_store,influencer
u_004563,2025-07-23,AU,app_store,referral
u_004564,2024-04-11,US,play_store,organic
u_004565,2025-05-11,DE,app_store,paid_social
u_004566,2024-06-27,AU,app_store,paid_social
u_004567,2025-12-06,MX,play_store,influencer
u_004568,2024-10-23,IN,stripe,influencer
u_004569,2025-04-01,JP,app_store,paid_search
u_004570,2024-06-18,FR,stripe,paid_social
u_004571,2024-01-27,US,app_store,referral
u_004572,2025-07-07,JP,app_store,referral
u_004573,2024-02-26,JP,play_store,organic
u_004574,2025-10-07,JP,play_store,organic
u_004575,2025-07-12,MX,play_store,paid_social
u_004576,2025-01-13,CA,play_store,influencer
u_004577,2025-06-09,IN,stripe,influencer
u_004578,2025-04-04,FR,stripe,organic
u_004579,2025-03-31,MX,play_store,influencer
u_004580,2025-05-30,BR,stripe,influencer
u_004581,2024-02-01,JP,stripe,influencer
u_004582,2025-02-12,FR,app_store,paid_social
u_004583,2024-06-13,AU,play_store,paid_search
u_004584,2025-06-18,IN,stripe,influencer
u_004585,2025-03-26,MX,app_store,organic
u_004586,2025-07-06,US,stripe,paid_search
u_004587,2025-07-07,US,play_store,referral
u_004588,2025-11-13,US,stripe,paid_social
u_004589,2025-01-24,IN,app_store,referral
u_004590,2024-04-03,AU,play_store,paid_social
u_004591,2025-06-07,FR,play_store,influencer
u_004592,2024-10-03,AU,play_store,referral
u_004593,2025-07-27,FR,app_store,referral
u_004594,2025-08-15,MX,play_store,referral
u_004595,2025-11-11,BR,app_store,influencer
u_004596,2024-12-29,US,app_store,organic
u_004597,2025-08-17,DE,app_store,organic
u_004598,2025-05-21,FR,play_store,paid_social
u_004599,2025-05-14,US,stripe,influencer
u_004600,2025-07-25,US,play_store,paid_search
u_004601,2024-04-19,AU,play_store,referral
u_004602,2024-07-05,US,app_store,influencer
u_004603,2025-03-07,CA,app_store,influencer
u_004604,2025-01-20,GB,app_store,paid_search
u_004605,2025-09-18,DE,app_store,influencer
u_004606,2024-11-15,US,app_store,paid_social
u_004607,2025-07-28,GB,app_store,paid_social
u_004608,2024-12-30,IN,app_store,referral
u_004609,2024-10-08,IN,app_store,influencer
u_004610,2025-08-10,MX,play_store,paid_search
u_004611,2025-07-01,DE,play_store,paid_social
u_004612,2025-09-20,US,app_store,paid_search
u_004613,2025-02-08,DE,stripe,influencer
u_004614,2025-03-31,BR,app_store,organic
u_004615,2025-09-30,JP,app_store,organic
u_004616,2024-08-07,MX,app_store,paid_social
u_004617,2025-01-01,BR,stripe,paid_social
u_004618,2024-07-28,CA,app_store,paid_social
u_004619,2025-05-01,CA,stripe,paid_search
u_004620,2024-07-10,MX,app_store,paid_search
u_004621,2024-11-24,IN,app_store,paid_search
u_004622,2024-01-23,FR,app_store,paid_search
u_004623,2024-11-05,IN,app_store,influencer
u_004624,2024-04-09,DE,play_store,paid_social
u_004625,2025-12-14,US,app_store,influencer
u_004626,2025-03-02,DE,app_store,referral
u_004627,2024-03-07,AU,app_store,paid_search
u_004628,2025-08-31,IN,play_store,organic
u_004629,2025-07-13,IN,stripe,organic
u_004630,2025-02-14,DE,play_store,organic
u_004631,2024-10-05,US,app_store,influencer
u_004632,2024-04-17,AU,stripe,influencer
u_004633,2024-07-08,FR,play_store,paid_search
u_004634,2025-07-13,DE,play_store,influencer
u_004635,2024-09-11,CA,play_store,influencer
u_004636,2025-07-16,DE,stripe,referral
u_004637,2025-08-03,GB,stripe,organic
u_004638,2024-12-01,GB,app_store,paid_search
u_004639,2025-11-06,US,app_store,paid_social
u_004640,2025-09-05,BR,app_store,referral
u_004641,2025-01-04,US,stripe,organic
u_004642,2024-12-25,US,play_store,referral
u_004643,2025-11-30,CA,app_store,influencer
u_004644,2025-07-04,AU,play_store,referral
u_004645,2024-07-31,DE,app_store,paid_social
u_004646,2024-04-12,IN,app_store,paid_search
u_004647,2025-09-05,US,play_store,organic
u_004648,2024-01-26,IN,play_store,paid_search
u_004649,2024-05-19,US,stripe,paid_search
u_004650,2024-07-02,US,stripe,referral
u_004651,2025-11-29,FR,play_store,influencer
u_004652,2025-09-20,DE,play_store,organic
u_004653,2024-11-30,AU,app_store,organic
u_004654,2024-11-14,GB,stripe,referral
u_004655,2025-03-29,GB,stripe,influencer
u_004656,2025-04-06,AU,app_store,paid_search
u_004657,2024-08-14,US,play_store,influencer
u_004658,2024-01-30,DE,app_store,paid_search
u_004659,2024-09-21,AU,stripe,paid_social
u_004660,2025-10-10,US,app_store,paid_search
u_004661,2024-02-25,US,play_store,influencer
u_004662,2025-09-14,GB,stripe,organic
u_004663,2025-12-12,FR,app_store,paid_social
u_004664,2024-05-01,US,app_store,referral
u_004665,2025-03-14,MX,play_store,referral
u_004666,2024-11-14,DE,play_store,influencer
u_004667,2024-03-09,GB,app_store,paid_social
u_004668,2024-10-14,CA,app_store,paid_search
u_004669,2025-05-30,JP,app_store,influencer
u_004670,2025-10-16,GB,app_store,influencer
u_004671,2024-01-16,US,play_store,referral
u_004672,2025-05-07,CA,stripe,paid_social
u_004673,2024-07-19,FR,app_store,influencer
u_004674,2025-01-01,DE,play_store,organic
u_004675,2024-10-06,DE,stripe,referral
u_004676,2024-09-26,JP,play_store,referral
u_004677,2024-03-18,US,app_store,paid_social
u_004678,2024-02-24,US,app_store,referral
u_004679,2024-12-16,US,app_store,influencer
u_004680,2025-01-30,FR,play_store,referral
u_004681,2025-07-21,GB,stripe,paid_social
u_004682,2025-01-12,MX,stripe,paid_social
u_004683,2024-11-13,US,play_store,paid_social
u_004684,2025-05-30,GB,app_store,paid_search
u_004685,2024-02-18,US,stripe,paid_search
u_004686,2024-11-08,BR,app_store,referral
u_004687,2024-12-12,CA,stripe,organic
u_004688,2024-04-24,US,app_store,referral
u_004689,2024-10-19,AU,play_store,referral
u_004690,2025-11-29,MX,play_store,organic
u_004691,2025-04-06,DE,play_store,paid_social
u_004692,2024-09-05,BR,play_store,paid_social
u_004693,2025-05-16,US,app_store,influencer
u_004694,2025-07-05,GB,app_store,organic
u_004695,2025-05-01,GB,app_store,influencer
u_004696,2024-03-03,JP,app_store,referral
u_004697,2024-09-09,JP,app_store,paid_social
u_004698,2024-02-03,GB,stripe,paid_social
u_004699,2024-11-28,CA,play_store,paid_social
u_004700,2024-09-30,BR,app_store,paid_social
u_004701,2024-11-08,US,stripe,organic
u_004702,2025-06-11,US,stripe,referral
u_004703,2025-04-30,IN,play_store,organic
u_004704,2025-03-11,GB,app_store,paid_search
u_004705,2024-09-17,FR,stripe,paid_search
u_004706,2024-09-25,DE,stripe,paid_social
u_004707,2025-07-01,FR,play_store,referral
u_004708,2025-09-09,BR,play_store,influencer
u_004709,2024-04-19,US,play_store,paid_search
u_004710,2024-09-03,BR,app_store,influencer
u_004711,2025-04-12,MX,play_store,paid_search
u_004712,2025-07-05,CA,stripe,influencer
u_004713,2025-08-16,DE,play_store,influencer
u_004714,2024-06-07,FR,play_store,influencer
u_004715,2024-03-03,GB,stripe,referral
u_004716,2025-08-15,CA,stripe,organic
u_004717,2024-10-07,JP,play_store,paid_search
u_004718,2025-01-20,US,stripe,influencer
u_004719,2025-07-07,AU,app_store,paid_search
u_004720,2024-06-28,US,stripe,influencer
u_004721,2025-10-26,US,app_store,influencer
u_004722,2024-08-29,US,play_store,paid_social
u_004723,2024-04-25,MX,play_store,referral
u_004724,2024-01-31,GB,stripe,influencer
u_004725,2024-08-03,MX,play_store,influencer
u_004726,2024-02-20,CA,play_store,paid_social
u_004727,2024-06-20,US,app_store,organic
u_004728,2024-01-16,US,app_store,organic
u_004729,2024-01-17,US,play_store,referral
u_004730,2025-03-20,GB,app_store,organic
u_004731,2025-06-04,JP,play_store,influencer
u_004732,2025-11-23,IN,app_store,organic
u_004733,2025-07-14,US,app_store,paid_search
u_004734,2025-01-27,AU,app_store,paid_social
u_004735,2025-07-20,US,app_store,paid_social
u_004736,2025-10-18,MX,play_store,organic
u_004737,2025-05-09,US,play_store,influencer
u_004738,2025-10-18,US,app_store,referral
u_004739,2025-08-25,GB,play_store,organic
u_004740,2024-02-05,US,play_store,organic
u_004741,2025-04-13,JP,app_store,paid_social
u_004742,2024-01-04,GB,stripe,paid_search
u_004743,2025-08-25,GB,stripe,paid_search
u_004744,2024-01-21,FR,app_store,referral
u_004745,2025-11-15,GB,app_store,organic
u_004746,2024-01-14,FR,app_store,paid_search
u_004747,2024-11-02,FR,play_store,paid_social
u_004748,2024-10-15,US,app_store,paid_search
u_004749,2024-04-12,GB,stripe,influencer
u_004750,2024-10-02,AU,play_store,influencer
u_004751,2025-09-21,US,play_store,paid_social
u_004752,2025-03-16,DE,app_store,influencer
u_004753,2024-05-24,GB,play_store,influencer
u_004754,2025-09-28,DE,app_store,referral
u_004755,2024-01-16,IN,play_store,influencer
u_004756,2025-07-22,IN,play_store,organic
u_004757,2025-04-28,IN,play_store,referral
u_004758,2025-09-21,US,app_store,influencer
u_004759,2025-03-15,US,play_store,organic
u_004760,2025-08-06,DE,app_store,influencer
u_004761,2024-08-30,US,stripe,paid_social
u_004762,2025-03-17,FR,play_store,paid_search
u_004763,2025-04-10,JP,play_store,influencer
u_004764,2025-07-26,JP,app_store,organic
u_004765,2024-11-05,MX,play_store,organic
u_004766,2025-08-08,GB,app_store,organic
u_004767,2025-04-17,GB,play_store,organic
u_004768,2025-04-16,IN,app_store,organic
u_004769,2025-11-18,AU,play_store,referral
u_004770,2025-09-08,US,app_store,influencer
u_004771,2025-11-20,AU,play_store,paid_social
u_004772,2024-10-14,US,play_store,referral
u_004773,2024-05-21,DE,app_store,paid_social
u_004774,2025-09-09,MX,app_store,influencer
u_004775,2024-03-17,DE,stripe,paid_search
u_004776,2025-01-10,US,app_store,influencer
u_004777,2024-12-20,CA,app_store,organic
u_004778,2024-11-22,DE,play_store,organic
u_004779,2025-08-14,US,stripe,paid_search
u_004780,2025-05-23,JP,play_store,organic
u_004781,2024-02-20,US,app_store,paid_search
u_004782,2025-02-23,US,app_store,paid_social
u_004783,2024-08-04,JP,app_store,referral
u_004784,2024-06-30,IN,stripe,influencer
u_004785,2024-12-01,FR,stripe,paid_search
u_004786,2024-01-06,US,play_store,influencer
u_004787,2024-07-06,US,app_store,referral
u_004788,2024-09-03,US,stripe,organic
u_004789,2025-02-02,MX,play_store,paid_search
u_004790,2024-01-07,IN,app_store,paid_search
u_004791,2025-07-29,BR,play_store,organic
u_004792,2024-04-03,US,app_store,organic
u_004793,2025-09-17,US,play_store,organic
u_004794,2025-11-03,US,app_store,organic
u_004795,2024-02-14,AU,app_store,referral
u_004796,2024-02-24,JP,app_store,organic
u_004797,2024-02-03,DE,stripe,influencer
u_004798,2024-11-17,CA,app_store,referral
u_004799,2024-09-19,FR,stripe,organic
u_004800,2025-05-31,IN,app_store,paid_search
u_004801,2025-12-16,US,stripe,paid_social
u_004802,2025-08-04,IN,app_store,influencer
u_004803,2025-08-09,US,stripe,paid_search
u_004804,2024-05-14,IN,app_store,referral
u_004805,2024-04-28,DE,play_store,influencer
u_004806,2025-06-11,FR,stripe,paid_social
u_004807,2024-11-14,JP,app_store,organic
u_004808,2024-02-06,US,app_store,paid_search
u_004809,2025-07-28,BR,app_store,paid_social
u_004810,2024-03-11,DE,app_store,paid_search
u_004811,2025-03-24,US,play_store,paid_social
u_004812,2024-12-11,FR,app_store,influencer
u_004813,2024-03-02,DE,app_store,influencer
u_004814,2025-03-21,US,app_store,paid_social
u_004815,2025-08-25,IN,stripe,paid_search
u_004816,2024-11-02,FR,play_store,influencer
u_004817,2024-11-06,MX,app_store,paid_social
u_004818,2025-01-26,FR,play_store,paid_search
u_004819,2025-02-19,FR,play_store,paid_search
u_004820,2024-12-08,US,stripe,paid_search
u_004821,2024-02-21,GB,app_store,paid_search
u_004822,2024-12-26,US,stripe,paid_social
u_004823,2024-07-29,IN,play_store,organic
u_004824,2025-08-31,US,stripe,paid_search
u_004825,2024-04-19,US,play_store,paid_search
u_004826,2024-01-29,BR,play_store,paid_social
u_004827,2024-04-12,MX,stripe,referral
u_004828,2025-06-03,MX,app_store,organic
u_004829,2024-05-25,GB,app_store,referral
u_004830,2025-11-29,GB,play_store,paid_social
u_004831,2024-06-21,BR,app_store,influencer
u_004832,2025-01-14,FR,app_store,paid_search
u_004833,2025-12-16,MX,play_store,organic
u_004834,2024-03-25,BR,app_store,paid_search
u_004835,2025-08-02,GB,stripe,organic
u_004836,2024-06-10,JP,play_store,organic
u_004837,2024-03-21,GB,app_store,paid_social
u_004838,2024-12-21,MX,play_store,influencer
u_004839,2024-09-22,DE,stripe,paid_search
u_004840,2024-02-02,DE,app_store,referral
u_004841,2024-04-12,AU,play_store,paid_social
u_004842,2025-04-19,IN,app_store,paid_search
u_004843,2025-08-27,BR,play_store,paid_social
u_004844,2025-11-13,AU,app_store,organic
u_004845,2025-02-06,US,play_store,paid_social
u_004846,2024-11-07,AU,app_store,influencer
u_004847,2024-05-01,US,app_store,organic
u_004848,2024-08-07,DE,play_store,paid_search
u_004849,2024-03-06,US,app_store,influencer
u_004850,2024-04-06,MX,stripe,paid_search
u_004851,2025-09-22,BR,app_store,influencer
u_004852,2025-01-02,GB,play_store,paid_search
u_004853,2025-12-03,IN,app_store,paid_search
u_004854,2025-02-01,US,app_store,referral
u_004855,2025-08-06,MX,app_store,organic
u_004856,2025-02-11,IN,stripe,influencer
u_004857,2024-03-01,US,app_store,referral
u_004858,2025-05-03,US,play_store,paid_social
u_004859,2025-05-05,IN,play_store,paid_social
u_004860,2024-08-11,BR,play_store,paid_search
u_004861,2024-11-10,IN,stripe,paid_search
u_004862,2024-08-18,US,app_store,referral
u_004863,2025-01-21,AU,stripe,paid_search
u_004864,2024-12-01,US,app_store,paid_search
u_004865,2024-01-12,US,app_store,referral
u_004866,2024-11-16,US,stripe,paid_social
u_004867,2024-10-19,US,play_store,paid_social
u_004868,2025-08-19,US,app_store,influencer
u_004869,2024-06-02,US,app_store,paid_search
u_004870,2024-04-07,US,play_store,organic
u_004871,2025-08-08,US,stripe,referral
u_004872,2025-11-24,US,app_store,influencer
u_004873,2025-07-23,FR,play_store,paid_social
u_004874,2024-01-15,US,stripe,organic
u_004875,2025-01-28,GB,app_store,paid_social
u_004876,2025-09-23,FR,app_store,paid_search
u_004877,2025-04-12,GB,stripe,influencer
u_004878,2025-07-23,AU,play_store,paid_search
u_004879,2025-08-02,FR,app_store,influencer
u_004880,2025-08-30,AU,app_store,referral
u_004881,2024-02-17,US,stripe,referral
u_004882,2025-11-18,JP,app_store,organic
u_004883,2025-12-11,US,app_store,influencer
u_004884,2024-07-10,US,play_store,referral
u_004885,2024-01-26,CA,app_store,referral
u_004886,2024-04-27,US,app_store,paid_social
u_004887,2024-08-19,CA,play_store,paid_social
u_004888,2024-07-12,DE,stripe,organic
u_004889,2025-10-24,AU,play_store,paid_social
u_004890,2024-03-10,GB,stripe,organic
u_004891,2025-06-18,IN,play_store,organic
u_004892,2025-12-03,GB,app_store,organic
u_004893,2024-04-24,IN,app_store,paid_search
u_004894,2024-12-06,IN,app_store,influencer
u_004895,2024-11-16,IN,play_store,referral
u_004896,2024-06-20,CA,app_store,influencer
u_004897,2025-06-13,US,app_store,paid_search
u_004898,2024-08-30,DE,play_store,influencer
u_004899,2024-08-09,US,stripe,influencer
u_004900,2024-06-07,IN,play_store,paid_social
u_004901,2025-06-05,US,stripe,paid_search
u_004902,2024-02-24,BR,stripe,paid_social
u_004903,2024-06-21,CA,play_store,organic
u_004904,2024-02-25,US,app_store,paid_search
u_004905,2025-07-03,US,stripe,paid_social
u_004906,2024-05-18,BR,app_store,paid_search
u_004907,2024-03-31,US,play_store,paid_search
u_004908,2025-11-01,US,app_store,influencer
u_004909,2024-04-22,US,stripe,paid_search
u_004910,2025-08-14,BR,app_store,organic
u_004911,2025-11-20,US,play_store,organic
u_004912,2024-05-10,US,app_store,organic
u_004913,2024-10-10,FR,play_store,paid_social
u_004914,2024-05-14,US,app_store,paid_search
u_004915,2024-05-10,CA,app_store,paid_search
u_004916,2024-07-17,US,play_store,paid_social
u_004917,2025-05-30,US,app_store,organic
u_004918,2025-02-20,US,app_store,organic
u_004919,2024-12-18,CA,play_store,referral
u_004920,2025-04-12,DE,app_store,influencer
u_004921,2024-04-08,BR,app_store,organic
u_004922,2025-12-01,US,app_store,influencer
u_004923,2024-04-01,DE,stripe,organic
u_004924,2025-04-25,US,stripe,organic
u_004925,2024-06-11,IN,stripe,paid_social
u_004926,2024-05-02,MX,app_store,paid_social
u_004927,2025-07-08,JP,app_store,referral
u_004928,2025-02-05,US,play_store,paid_social
u_004929,2024-05-01,DE,app_store,organic
u_004930,2025-01-10,DE,stripe,referral
u_004931,2025-02-06,DE,play_store,organic
u_004932,2025-01-27,US,app_store,paid_social
u_004933,2024-03-27,IN,stripe,paid_search
u_004934,2025-01-05,US,play_store,paid_search
u_004935,2024-11-03,BR,app_store,referral
u_004936,2025-02-04,MX,play_store,influencer
u_004937,2024-07-12,CA,play_store,paid_search
u_004938,2024-01-09,GB,play_store,paid_social
u_004939,2025-04-09,US,stripe,referral
u_004940,2024-05-17,DE,stripe,organic
u_004941,2024-10-29,MX,app_store,referral
u_004942,2025-11-12,US,stripe,paid_search
u_004943,2025-11-01,IN,app_store,paid_social
u_004944,2024-04-13,BR,stripe,organic
u_004945,2025-06-30,CA,stripe,influencer
u_004946,2025-12-04,BR,play_store,referral
u_004947,2024-05-31,BR,play_store,organic
u_004948,2025-11-04,BR,play_store,paid_search
u_004949,2024-08-13,US,app_store,paid_social
u_004950,2024-05-17,CA,stripe,paid_search
u_004951,2025-04-16,MX,app_store,paid_search
u_004952,2025-11-13,US,play_store,paid_social
u_004953,2024-09-08,US,app_store,organic
u_004954,2025-12-07,US,app_store,paid_search
u_004955,2025-11-15,IN,app_store,paid_search
u_004956,2024-09-30,GB,play_store,referral
u_004957,2025-12-07,IN,app_store,paid_search
u_004958,2025-04-09,DE,play_store,paid_search
u_004959,2025-10-12,GB,app_store,paid_social
u_004960,2025-03-23,GB,play_store,paid_search
u_004961,2025-02-06,GB,play_store,influencer
u_004962,2025-01-26,MX,app_store,paid_social
u_004963,2024-10-14,US,app_store,paid_search
u_004964,2025-01-13,US,play_store,organic
u_004965,2025-08-09,GB,stripe,influencer
u_004966,2024-11-09,IN,stripe,paid_social
u_004967,2025-02-12,IN,app_store,paid_search
u_004968,2025-08-12,GB,app_store,referral
u_004969,2024-07-05,US,stripe,organic
u_004970,2025-04-09,FR,app_store,paid_social
u_004971,2025-01-11,AU,play_store,organic
u_004972,2024-09-29,US,app_store,paid_search
u_004973,2024-02-23,MX,stripe,influencer
u_004974,2025-08-20,US,play_store,paid_social
u_004975,2025-03-01,JP,app_store,paid_search
u_004976,2024-11-12,US,stripe,referral
u_004977,2025-08-03,DE,play_store,referral
u_004978,2024-08-19,US,stripe,organic
u_004979,2024-01-31,IN,play_store,organic
u_004980,2025-05-22,MX,stripe,paid_social
u_004981,2024-05-25,FR,app_store,influencer
u_004982,2025-04-02,US,stripe,paid_search
u_004983,2024-11-21,US,app_store,paid_search
u_004984,2024-06-29,DE,stripe,referral
u_004985,2024-09-22,US,play_store,referral
u_004986,2024-02-19,US,app_store,paid_social
u_004987,2025-10-25,FR,play_store,influencer
u_004988,2025-02-24,AU,stripe,paid_social
u_004989,2024-08-15,FR,play_store,paid_social
u_004990,2025-08-14,DE,play_store,referral
u_004991,2024-07-11,US,app_store,paid_search
u_004992,2024-03-04,BR,app_store,paid_search
u_004993,2024-06-05,JP,stripe,organic
u_004994,2024-01-26,FR,app_store,influencer
u_004995,2025-11-05,MX,app_store,paid_social
u_004996,2025-05-10,JP,app_store,paid_social
u_004997,2024-03-08,GB,app_store,paid_social
u_004998,2024-05-02,DE,play_store,paid_social
u_004999,2025-08-10,CA,app_store,paid_social
u_005000,2025-02-11,IN,play_store,organic
u_005001,2025-05-21,MX,stripe,paid_social
u_005002,2024-05-04,US,play_store,paid_search
u_005003,2024-06-06,IN,app_store,organic
u_005004,2025-09-07,BR,play_store,referral
u_005005,2024-09-09,GB,play_store,influencer
u_005006,2024-12-26,JP,stripe,paid_social
u_005007,2024-08-28,US,app_store,referral
u_005008,2024-08-20,CA,app_store,influencer
u_005009,2025-09-09,BR,app_store,paid_search
u_005010,2025-04-30,CA,stripe,paid_social
u_005011,2024-12-28,US,app_store,referral
u_005012,2024-03-30,IN,stripe,referral
u_005013,2025-02-10,US,app_store,referral
u_005014,2024-02-16,IN,app_store,referral
u_005015,2024-05-03,AU,stripe,paid_social
u_005016,2025-01-25,US,app_store,organic
u_005017,2024-06-08,GB,app_store,influencer
u_005018,2024-08-15,FR,play_store,influencer
u_005019,2025-10-09,MX,play_store,referral
u_005020,2025-11-13,AU,play_store,paid_search
u_005021,2025-06-30,JP,play_store,referral
u_005022,2024-07-24,GB,play_store,paid_social
u_005023,2024-05-28,US,stripe,paid_social
u_005024,2025-12-08,MX,app_store,paid_social
u_005025,2025-06-04,US,app_store,influencer
u_005026,2024-10-26,US,app_store,influencer
u_005027,2025-11-17,JP,play_store,paid_social
u_005028,2024-07-01,CA,app_store,organic
u_005029,2025-01-21,US,stripe,paid_search
u_005030,2024-08-04,GB,app_store,referral
u_005031,2024-09-05,JP,play_store,referral
u_005032,2024-09-07,US,play_store,influencer
u_005033,2024-02-26,US,play_store,referral
u_005034,2024-10-09,US,app_store,referral
u_005035,2025-11-16,GB,stripe,paid_search
u_005036,2024-05-04,BR,app_store,organic
u_005037,2025-11-06,US,play_store,paid_social
u_005038,2025-02-14,BR,play_store,paid_search
u_005039,2025-11-10,GB,play_store,referral
u_005040,2025-11-03,GB,app_store,paid_search
u_005041,2025-05-02,US,app_store,influencer
u_005042,2024-03-15,AU,stripe,organic
u_005043,2025-01-12,US,stripe,paid_search
u_005044,2024-03-14,US,play_store,paid_search
u_005045,2024-12-03,DE,app_store,organic
u_005046,2025-08-13,CA,play_store,paid_social
u_005047,2025-08-28,GB,play_store,paid_search
u_005048,2024-07-08,US,stripe,paid_social
u_005049,2024-01-19,US,app_store,paid_social
u_005050,2025-11-13,US,play_store,referral
u_005051,2024-04-08,US,play_store,paid_social
u_005052,2024-11-10,US,app_store,paid_social
u_005053,2025-03-16,FR,play_store,referral
u_005054,2025-06-28,IN,play_store,organic
u_005055,2025-08-02,MX,play_store,organic
u_005056,2024-06-17,DE,stripe,paid_social
u_005057,2024-03-22,AU,stripe,paid_social
u_005058,2024-05-15,DE,app_store,organic
u_005059,2025-04-16,MX,play_store,influencer
u_005060,2025-07-01,BR,play_store,referral
u_005061,2024-12-26,US,play_store,paid_social
u_005062,2025-10-08,CA,stripe,paid_search
u_005063,2024-07-26,US,app_store,referral
u_005064,2024-12-02,GB,app_store,influencer
u_005065,2025-11-19,CA,play_store,paid_search
u_005066,2024-07-05,US,app_store,paid_social
u_005067,2024-05-03,IN,app_store,organic
u_005068,2024-12-23,IN,app_store,paid_search
u_005069,2025-07-30,BR,play_store,paid_search
u_005070,2025-05-06,US,app_store,paid_social
u_005071,2025-03-06,MX,play_store,paid_search
u_005072,2024-11-12,IN,play_store,referral
u_005073,2025-02-14,US,app_store,referral
u_005074,2024-11-12,FR,app_store,paid_social
u_005075,2025-01-29,FR,app_store,organic
u_005076,2024-09-20,JP,app_store,referral
u_005077,2024-09-07,GB,play_store,referral
u_005078,2024-07-22,US,play_store,paid_search
u_005079,2025-08-01,DE,app_store,referral
u_005080,2025-03-27,US,stripe,influencer
u_005081,2025-10-27,GB,play_store,referral
u_005082,2024-08-16,GB,app_store,paid_search
u_005083,2025-08-30,DE,app_store,paid_search
u_005084,2024-12-24,US,play_store,referral
u_005085,2025-02-27,BR,app_store,paid_social
u_005086,2024-03-21,JP,play_store,influencer
u_005087,2025-09-27,JP,stripe,paid_search
u_005088,2025-09-18,GB,stripe,referral
u_005089,2025-11-04,DE,app_store,paid_search
u_005090,2024-09-25,FR,stripe,paid_search
u_005091,2024-08-14,GB,app_store,organic
u_005092,2024-11-08,BR,app_store,influencer
u_005093,2025-08-26,US,play_store,paid_search
u_005094,2024-10-09,IN,app_store,influencer
u_005095,2024-10-03,FR,app_store,influencer
u_005096,2025-11-23,JP,play_store,paid_social
u_005097,2024-05-29,US,play_store,influencer
u_005098,2025-03-06,US,play_store,paid_social
u_005099,2025-08-12,BR,play_store,influencer
u_005100,2025-08-19,JP,app_store,paid_social
u_005101,2024-06-10,US,app_store,influencer
u_005102,2025-04-01,US,play_store,organic
u_005103,2025-05-05,AU,play_store,paid_search
u_005104,2025-06-15,GB,app_store,referral
u_005105,2025-01-14,GB,stripe,paid_social
u_005106,2024-05-08,US,app_store,paid_search
u_005107,2024-10-11,IN,stripe,referral
u_005108,2024-03-06,US,play_store,influencer
u_005109,2024-02-25,JP,app_store,paid_search
u_005110,2024-04-19,US,app_store,referral
u_005111,2024-12-07,JP,stripe,influencer
u_005112,2025-09-01,GB,app_store,paid_search
u_005113,2025-10-05,BR,play_store,organic
u_005114,2025-07-22,FR,stripe,organic
u_005115,2025-08-10,BR,stripe,paid_search
u_005116,2025-01-04,IN,app_store,paid_search
u_005117,2025-02-10,GB,app_store,paid_social
u_005118,2025-07-09,IN,app_store,paid_social
u_005119,2024-10-30,FR,app_store,referral
u_005120,2024-06-10,FR,play_store,organic
u_005121,2024-09-11,US,play_store,paid_social
u_005122,2024-09-28,DE,play_store,organic
u_005123,2024-11-04,US,play_store,influencer
u_005124,2025-03-01,IN,play_store,referral
u_005125,2025-07-07,JP,app_store,paid_search
u_005126,2024-05-24,IN,app_store,influencer
u_005127,2024-02-21,US,stripe,organic
u_005128,2025-10-24,BR,play_store,paid_search
u_005129,2024-03-06,DE,app_store,organic
u_005130,2024-11-05,US,app_store,paid_social
u_005131,2024-08-21,IN,play_store,paid_search
u_005132,2024-02-18,US,stripe,influencer
u_005133,2024-10-14,DE,app_store,referral
u_005134,2024-12-10,CA,play_store,paid_social
u_005135,2024-07-22,US,play_store,paid_social
u_005136,2025-09-30,AU,app_store,organic
u_005137,2024-05-17,GB,play_store,organic
u_005138,2024-08-08,US,app_store,organic
u_005139,2024-08-12,US,app_store,referral
u_005140,2024-03-10,CA,app_store,referral
u_005141,2025-04-12,GB,stripe,referral
u_005142,2025-03-13,US,play_store,influencer
u_005143,2024-12-21,AU,app_store,organic
u_005144,2024-06-26,US,app_store,organic
u_005145,2024-03-21,MX,app_store,paid_social
u_005146,2025-08-18,IN,app_store,referral
u_005147,2024-06-23,US,app_store,paid_social
u_005148,2024-02-17,US,app_store,organic
u_005149,2025-08-18,JP,play_store,organic
u_005150,2024-04-03,DE,app_store,paid_social
u_005151,2025-11-08,AU,app_store,paid_search
u_005152,2024-02-29,DE,stripe,referral
u_005153,2024-09-22,BR,play_store,organic
u_005154,2025-05-02,BR,play_store,paid_search
u_005155,2024-09-23,DE,play_store,influencer
u_005156,2024-07-06,FR,app_store,paid_search
u_005157,2025-10-17,IN,play_store,referral
u_005158,2024-06-06,AU,play_store,paid_social
u_005159,2024-12-13,IN,stripe,paid_social
u_005160,2024-06-08,GB,app_store,influencer
u_005161,2025-12-05,GB,app_store,influencer
u_005162,2024-10-15,CA,stripe,paid_social
u_005163,2024-09-10,IN,play_store,referral
u_005164,2025-08-10,AU,app_store,paid_social
u_005165,2024-04-12,US,app_store,organic
u_005166,2024-05-02,IN,stripe,organic
u_005167,2024-08-29,CA,stripe,influencer
u_005168,2025-03-01,JP,play_store,organic
u_005169,2025-11-16,FR,stripe,organic
u_005170,2025-04-10,JP,stripe,referral
u_005171,2024-10-25,CA,play_store,paid_social
u_005172,2025-09-04,US,app_store,influencer
u_005173,2025-09-24,US,app_store,influencer
u_005174,2024-11-21,CA,stripe,organic
u_005175,2025-05-20,US,app_store,referral
u_005176,2025-02-01,AU,app_store,influencer
u_005177,2025-04-10,US,app_store,paid_search
u_005178,2024-06-02,US,app_store,referral
u_005179,2025-11-26,GB,stripe,influencer
u_005180,2025-10-23,GB,stripe,paid_social
u_005181,2024-01-02,CA,stripe,paid_social
u_005182,2024-10-23,US,app_store,organic
u_005183,2024-11-08,IN,play_store,influencer
u_005184,2025-09-05,IN,app_store,paid_search
u_005185,2025-04-20,US,app_store,paid_search
u_005186,2025-09-20,CA,play_store,paid_search
u_005187,2024-03-14,BR,stripe,paid_social
u_005188,2025-11-29,DE,app_store,paid_social
u_005189,2025-02-10,DE,play_store,paid_social
u_005190,2025-09-04,AU,app_store,paid_search
u_005191,2024-07-08,DE,play_store,paid_search
u_005192,2024-06-23,US,app_store,paid_social
u_005193,2024-01-18,DE,stripe,paid_search
u_005194,2025-07-09,US,stripe,paid_social
u_005195,2024-01-29,BR,play_store,paid_social
u_005196,2024-06-03,IN,app_store,paid_search
u_005197,2025-02-24,US,app_store,paid_search
u_005198,2024-11-19,AU,play_store,referral
u_005199,2024-08-26,DE,play_store,paid_social
u_005200,2025-10-23,DE,stripe,paid_search
u_005201,2025-11-11,AU,app_store,referral
u_005202,2025-01-21,US,play_store,influencer
u_005203,2025-06-10,US,play_store,paid_search
u_005204,2024-04-09,US,play_store,paid_social
u_005205,2025-11-01,IN,stripe,organic
u_005206,2024-10-06,IN,stripe,paid_social
u_005207,2024-06-09,US,play_store,paid_social
u_005208,2024-06-04,US,stripe,organic
u_005209,2025-01-16,AU,play_store,organic
u_005210,2025-01-16,IN,stripe,influencer
u_005211,2025-03-03,IN,stripe,paid_search
u_005212,2024-01-09,US,play_store,influencer
u_005213,2024-11-30,US,play_store,referral
u_005214,2024-11-12,MX,play_store,organic
u_005215,2024-02-13,AU,app_store,influencer
u_005216,2025-05-24,DE,play_store,paid_social
u_005217,2024-11-17,IN,play_store,referral
u_005218,2025-10-15,DE,stripe,referral
u_005219,2024-11-14,AU,app_store,referral
u_005220,2024-05-12,US,play_store,organic
u_005221,2025-09-17,US,stripe,paid_social
u_005222,2024-07-02,US,app_store,paid_search
u_005223,2025-12-07,US,app_store,influencer
u_005224,2024-09-16,IN,play_store,organic
u_005225,2024-10-15,CA,stripe,influencer
u_005226,2025-12-17,FR,app_store,influencer
u_005227,2025-04-02,US,play_store,influencer
u_005228,2025-09-16,IN,play_store,influencer
u_005229,2025-12-08,IN,play_store,influencer
u_005230,2025-12-16,US,play_store,organic
u_005231,2024-02-28,US,app_store,referral
u_005232,2024-01-22,CA,play_store,organic
u_005233,2024-03-04,US,stripe,paid_social
u_005234,2025-07-06,GB,play_store,paid_social
u_005235,2024-04-08,US,play_store,paid_search
u_005236,2024-07-02,US,stripe,paid_social
u_005237,2025-07-17,CA,stripe,influencer
u_005238,2025-12-06,US,app_store,influencer
u_005239,2024-06-24,BR,play_store,influencer
u_005240,2024-03-04,US,app_store,referral
u_005241,2024-06-16,JP,play_store,paid_social
u_005242,2024-08-20,US,play_store,paid_social
u_005243,2025-05-28,BR,app_store,paid_social
u_005244,2024-08-07,JP,app_store,organic
u_005245,2025-06-01,GB,app_store,influencer
u_005246,2025-02-16,US,play_store,paid_social
u_005247,2025-03-20,IN,stripe,organic
u_005248,2024-01-01,MX,app_store,influencer
u_005249,2024-06-09,US,app_store,influencer
u_005250,2024-06-05,US,play_store,influencer
u_005251,2024-08-17,GB,app_store,influencer
u_005252,2024-03-05,IN,app_store,organic
u_005253,2025-02-19,MX,play_store,referral
u_005254,2024-04-07,BR,app_store,paid_search
u_005255,2025-08-18,US,play_store,influencer
u_005256,2025-06-19,US,play_store,paid_search
u_005257,2024-09-10,AU,play_store,referral
u_005258,2025-09-13,DE,app_store,referral
u_005259,2025-05-30,CA,app_store,influencer
u_005260,2025-03-05,IN,play_store,paid_social
u_005261,2025-07-08,CA,app_store,referral
u_005262,2024-07-01,CA,app_store,paid_social
u_005263,2025-02-04,GB,play_store,referral
u_005264,2025-06-30,GB,app_store,paid_search
u_005265,2025-08-11,JP,app_store,referral
u_005266,2024-07-28,GB,play_store,influencer
u_005267,2024-06-15,GB,app_store,paid_search
u_005268,2025-11-18,DE,play_store,referral
u_005269,2024-11-01,FR,play_store,influencer
u_005270,2024-01-24,DE,play_store,paid_social
u_005271,2025-09-24,DE,play_store,paid_search
u_005272,2024-03-05,AU,play_store,referral
u_005273,2025-05-11,US,app_store,influencer
u_005274,2025-04-13,GB,play_store,paid_search
u_005275,2025-07-26,GB,play_store,influencer
u_005276,2024-10-18,DE,app_store,influencer
u_005277,2024-07-17,JP,stripe,paid_search
u_005278,2024-04-25,DE,app_store,referral
u_005279,2025-06-15,MX,app_store,referral
u_005280,2025-08-18,IN,play_store,referral
u_005281,2024-10-26,AU,play_store,paid_search
u_005282,2024-10-23,GB,play_store,paid_social
u_005283,2025-11-09,BR,stripe,organic
u_005284,2024-11-30,MX,app_store,organic
u_005285,2024-06-16,GB,stripe,organic
u_005286,2025-02-10,DE,play_store,organic
u_005287,2024-01-19,JP,app_store,influencer
u_005288,2024-09-15,GB,app_store,paid_social
u_005289,2024-01-01,IN,play_store,influencer
u_005290,2024-07-13,FR,stripe,paid_search
u_005291,2025-05-09,GB,stripe,influencer
u_005292,2024-08-30,BR,play_store,paid_search
u_005293,2024-04-18,IN,app_store,paid_social
u_005294,2024-01-15,US,stripe,paid_search
u_005295,2024-01-14,US,app_store,paid_search
u_005296,2025-02-03,AU,app_store,influencer
u_005297,2025-09-02,GB,app_store,paid_search
u_005298,2025-01-31,US,play_store,influencer
u_005299,2024-07-15,JP,stripe,paid_search
u_005300,2025-03-18,DE,app_store,referral
u_005301,2024-01-20,BR,play_store,paid_social
u_005302,2025-02-28,FR,stripe,organic
u_005303,2024-04-25,BR,app_store,paid_search
u_005304,2025-12-05,US,app_store,paid_search
u_005305,2024-11-06,MX,app_store,influencer
u_005306,2025-09-01,FR,app_store,paid_search
u_005307,2025-11-12,GB,app_store,referral
u_005308,2025-01-18,US,stripe,referral
u_005309,2024-05-25,AU,app_store,paid_search
u_005310,2024-12-18,BR,app_store,referral
u_005311,2024-05-20,GB,app_store,paid_social
u_005312,2024-07-07,FR,app_store,influencer
u_005313,2024-01-09,GB,app_store,paid_search
u_005314,2025-03-26,AU,app_store,paid_search
u_005315,2025-05-06,FR,app_store,paid_search
u_005316,2025-12-02,AU,app_store,paid_social
u_005317,2025-09-07,DE,app_store,paid_social
u_005318,2025-07-01,US,app_store,organic
u_005319,2024-05-20,US,play_store,paid_social
u_005320,2024-04-14,US,stripe,influencer
u_005321,2024-02-27,US,app_store,paid_social
u_005322,2025-11-05,US,app_store,organic
u_005323,2025-04-28,US,play_store,paid_social
u_005324,2025-10-10,MX,play_store,referral
u_005325,2024-10-04,IN,play_store,paid_social
u_005326,2025-09-24,GB,app_store,paid_search
u_005327,2025-07-21,GB,app_store,paid_search
u_005328,2024-06-23,CA,app_store,paid_search
u_005329,2024-04-13,DE,stripe,paid_search
u_005330,2025-05-15,GB,app_store,organic
u_005331,2024-02-26,GB,app_store,organic
u_005332,2025-01-06,GB,app_store,referral
u_005333,2025-04-10,GB,play_store,paid_search
u_005334,2025-10-15,US,play_store,paid_search
u_005335,2025-03-24,FR,play_store,paid_search
u_005336,2024-04-24,JP,stripe,organic
u_005337,2024-12-30,IN,play_store,influencer
u_005338,2025-04-15,US,app_store,influencer
u_005339,2024-07-27,US,app_store,influencer
u_005340,2025-07-01,US,app_store,influencer
u_005341,2024-08-10,DE,stripe,organic
u_005342,2025-12-05,US,stripe,influencer
u_005343,2025-09-07,MX,app_store,organic
u_005344,2025-06-09,DE,play_store,paid_social
u_005345,2025-07-24,US,play_store,referral
u_005346,2025-07-10,DE,app_store,influencer
u_005347,2025-03-21,US,play_store,paid_search
u_005348,2024-07-04,US,play_store,referral
u_005349,2024-11-30,JP,app_store,paid_search
u_005350,2024-08-19,IN,stripe,influencer
u_005351,2024-02-21,US,play_store,organic
u_005352,2024-12-30,DE,play_store,paid_search
u_005353,2024-10-12,FR,play_store,referral
u_005354,2025-03-29,AU,stripe,influencer
u_005355,2025-02-11,IN,app_store,paid_search
u_005356,2024-08-17,US,app_store,influencer
u_005357,2025-09-11,IN,stripe,referral
u_005358,2024-09-25,MX,app_store,influencer
u_005359,2025-08-24,IN,play_store,organic
u_005360,2024-04-24,US,play_store,paid_search
u_005361,2025-05-06,US,app_store,paid_social
u_005362,2025-12-01,CA,app_store,organic
u_005363,2025-07-07,IN,play_store,paid_search
u_005364,2024-10-21,US,app_store,paid_search
u_005365,2025-06-10,AU,app_store,influencer
u_005366,2025-04-13,IN,app_store,influencer
u_005367,2025-01-14,JP,stripe,paid_search
u_005368,2025-10-12,CA,app_store,influencer
u_005369,2024-05-09,MX,play_store,influencer
u_005370,2024-02-22,US,app_store,influencer
u_005371,2025-04-18,CA,play_store,organic
u_005372,2024-05-20,US,play_store,influencer
u_005373,2025-04-07,FR,play_store,paid_search
u_005374,2025-08-17,IN,stripe,paid_search
u_005375,2024-12-02,JP,play_store,paid_social
u_005376,2025-03-11,IN,stripe,influencer
u_005377,2025-02-04,MX,app_store,paid_social
u_005378,2024-08-10,BR,app_store,influencer
u_005379,2024-12-15,AU,stripe,organic
u_005380,2024-03-24,IN,play_store,referral
u_005381,2025-07-05,US,stripe,paid_search
u_005382,2025-08-13,US,stripe,influencer
u_005383,2025-11-03,FR,stripe,influencer
u_005384,2025-10-07,JP,stripe,referral
u_005385,2025-04-24,IN,app_store,paid_social
u_005386,2025-07-27,FR,stripe,influencer
u_005387,2024-07-31,US,play_store,organic
u_005388,2025-10-05,JP,app_store,influencer
u_005389,2025-07-05,AU,play_store,referral
u_005390,2024-01-13,AU,play_store,paid_social
u_005391,2024-05-09,BR,app_store,organic
u_005392,2024-05-04,IN,play_store,organic
u_005393,2024-01-11,US,stripe,paid_social
u_005394,2025-08-10,MX,app_store,paid_search
u_005395,2024-12-23,US,play_store,organic
u_005396,2025-08-10,US,play_store,influencer
u_005397,2024-04-13,JP,play_store,organic
u_005398,2024-10-17,GB,stripe,paid_search
u_005399,2024-08-05,CA,app_store,organic
u_005400,2024-12-17,FR,play_store,influencer
u_005401,2025-05-23,US,play_store,paid_social
u_005402,2025-03-26,US,play_store,influencer
u_005403,2025-09-05,DE,app_store,paid_search
u_005404,2024-09-04,AU,app_store,organic
u_005405,2025-10-03,GB,app_store,referral
u_005406,2024-04-02,GB,stripe,referral
u_005407,2025-11-12,US,play_store,referral
u_005408,2025-01-19,US,play_store,paid_social
u_005409,2024-12-31,GB,stripe,organic
u_005410,2025-01-23,US,app_store,influencer
u_005411,2024-02-13,BR,stripe,paid_social
u_005412,2025-04-27,IN,play_store,paid_social
u_005413,2025-07-11,IN,stripe,referral
u_005414,2025-02-23,US,stripe,paid_search
u_005415,2024-06-30,IN,app_store,paid_search
u_005416,2024-09-19,US,play_store,referral
u_005417,2024-03-19,US,app_store,referral
u_005418,2024-11-27,BR,app_store,influencer
u_005419,2025-10-12,FR,app_store,paid_search
u_005420,2024-02-13,MX,stripe,organic
u_005421,2024-07-12,BR,play_store,paid_social
u_005422,2025-05-17,MX,app_store,paid_social
u_005423,2025-05-13,DE,app_store,influencer
u_005424,2024-04-14,US,app_store,paid_search
u_005425,2025-04-09,US,play_store,paid_social
u_005426,2025-08-29,GB,app_store,organic
u_005427,2025-08-12,DE,play_store,referral
u_005428,2025-05-22,DE,play_store,influencer
u_005429,2025-10-03,MX,stripe,influencer
u_005430,2024-06-26,US,play_store,paid_search
u_005431,2025-09-20,IN,play_store,paid_search
u_005432,2024-12-25,US,play_store,paid_search
u_005433,2025-07-04,AU,play_store,referral
u_005434,2024-05-06,DE,stripe,organic
u_005435,2025-10-19,MX,stripe,influencer
u_005436,2024-05-02,AU,play_store,paid_search
u_005437,2024-02-05,US,stripe,influencer
u_005438,2025-05-30,AU,stripe,influencer
u_005439,2025-05-20,US,play_store,paid_search
u_005440,2025-06-08,US,app_store,referral
u_005441,2024-10-17,AU,app_store,paid_search
u_005442,2024-04-06,US,app_store,organic
u_005443,2025-09-29,FR,stripe,paid_search
u_005444,2024-07-16,IN,play_store,referral
u_005445,2024-01-24,US,app_store,paid_social
u_005446,2024-12-23,US,app_store,organic
u_005447,2024-09-25,US,stripe,paid_social
u_005448,2024-03-28,BR,play_store,paid_search
u_005449,2025-04-06,DE,app_store,paid_search
u_005450,2024-03-08,US,play_store,referral
u_005451,2025-12-07,IN,play_store,organic
u_005452,2025-08-01,US,app_store,paid_social
u_005453,2025-07-18,BR,app_store,referral
u_005454,2025-09-22,GB,stripe,paid_social
u_005455,2024-05-27,AU,play_store,referral
u_005456,2024-01-29,IN,play_store,referral
u_005457,2024-06-03,AU,stripe,influencer
u_005458,2025-02-20,US,app_store,organic
u_005459,2025-05-22,JP,play_store,paid_social
u_005460,2024-10-23,US,stripe,paid_social
u_005461,2024-06-25,DE,app_store,influencer
u_005462,2024-02-22,US,app_store,influencer
u_005463,2025-03-17,US,app_store,organic
u_005464,2025-05-01,US,play_store,referral
u_005465,2025-12-12,BR,app_store,paid_social
u_005466,2024-02-05,US,app_store,paid_social
u_005467,2025-02-04,FR,app_store,paid_social
u_005468,2024-03-12,IN,app_store,influencer
u_005469,2025-08-20,US,app_store,referral
u_005470,2025-09-11,GB,app_store,referral
u_005471,2024-09-06,US,stripe,influencer
u_005472,2024-01-13,US,play_store,influencer
u_005473,2025-04-17,US,play_store,organic
u_005474,2025-11-01,DE,app_store,organic
u_005475,2024-07-28,IN,app_store,organic
u_005476,2025-06-05,DE,app_store,referral
u_005477,2025-05-22,US,app_store,paid_search
u_005478,2024-11-19,FR,play_store,paid_search
u_005479,2025-02-21,AU,stripe,organic
u_005480,2025-08-06,US,stripe,organic
u_005481,2025-04-30,JP,play_store,paid_search
u_005482,2024-09-07,DE,stripe,paid_social
u_005483,2024-08-18,AU,app_store,paid_social
u_005484,2024-07-07,GB,app_store,referral
u_005485,2024-01-16,US,app_store,influencer
u_005486,2024-10-03,AU,app_store,organic
u_005487,2025-08-20,US,play_store,referral
u_005488,2025-04-30,FR,app_store,organic
u_005489,2024-08-01,BR,app_store,paid_search
u_005490,2024-11-19,US,stripe,referral
u_005491,2025-02-22,US,play_store,paid_search
u_005492,2025-07-24,US,stripe,paid_social
u_005493,2024-10-03,MX,stripe,paid_search
u_005494,2025-08-21,IN,app_store,organic
u_005495,2024-05-14,US,play_store,organic
u_005496,2024-11-23,MX,play_store,organic
u_005497,2024-06-23,JP,play_store,referral
u_005498,2024-10-19,CA,stripe,referral
u_005499,2024-09-18,DE,app_store,influencer
u_005500,2025-11-21,DE,app_store,referral
u_005501,2024-03-01,FR,play_store,paid_search
u_005502,2024-11-15,DE,app_store,paid_social
u_005503,2025-03-24,JP,play_store,organic
u_005504,2025-08-01,US,app_store,paid_search
u_005505,2025-09-26,JP,app_store,referral
u_005506,2024-11-03,US,app_store,influencer
u_005507,2024-07-25,GB,stripe,paid_social
u_005508,2024-07-21,AU,stripe,paid_search
u_005509,2025-07-07,US,app_store,referral
u_005510,2024-02-10,IN,app_store,influencer
u_005511,2025-06-24,DE,app_store,paid_social
u_005512,2024-05-31,CA,app_store,organic
u_005513,2024-06-19,US,play_store,paid_social
u_005514,2024-01-15,GB,app_store,paid_social
u_005515,2024-08-11,US,app_store,influencer
u_005516,2025-06-15,GB,play_store,referral
u_005517,2025-04-09,US,app_store,organic
u_005518,2024-01-04,IN,play_store,influencer
u_005519,2024-04-02,US,app_store,organic
u_005520,2024-01-24,IN,stripe,organic
u_005521,2025-01-28,IN,play_store,paid_social
u_005522,2024-08-28,US,play_store,referral
u_005523,2025-08-18,BR,stripe,influencer
u_005524,2025-04-15,AU,play_store,referral
u_005525,2024-01-10,IN,play_store,paid_search
u_005526,2025-07-10,MX,stripe,influencer
u_005527,2025-03-11,IN,app_store,paid_social
u_005528,2024-02-11,US,stripe,influencer
u_005529,2025-06-11,US,app_store,referral
u_005530,2024-05-01,FR,play_store,paid_social
u_005531,2025-04-01,US,app_store,organic
u_005532,2024-11-21,US,play_store,paid_search
u_005533,2025-12-11,US,play_store,influencer
u_005534,2024-11-12,US,app_store,paid_search
u_005535,2025-11-11,US,app_store,paid_search
u_005536,2024-09-01,US,app_store,referral
u_005537,2024-11-25,GB,play_store,influencer
u_005538,2024-09-13,US,stripe,paid_search
u_005539,2025-02-18,DE,app_store,organic
u_005540,2024-04-07,US,app_store,organic
u_005541,2024-05-22,CA,play_store,organic
u_005542,2025-12-06,IN,stripe,paid_social
u_005543,2025-06-09,DE,stripe,paid_search
u_005544,2024-01-02,US,stripe,paid_social
u_005545,2024-02-04,IN,play_store,organic
u_005546,2025-05-23,US,app_store,paid_social
u_005547,2025-04-23,US,stripe,paid_social
u_005548,2025-02-25,GB,stripe,paid_social
u_005549,2024-12-18,MX,app_store,paid_search
u_005550,2024-03-30,US,app_store,influencer
u_005551,2024-05-22,IN,app_store,influencer
u_005552,2024-04-28,CA,stripe,paid_social
u_005553,2025-10-08,MX,app_store,organic
u_005554,2024-10-20,BR,stripe,organic
u_005555,2024-02-02,US,play_store,paid_social
u_005556,2024-02-26,US,app_store,organic
u_005557,2024-03-28,US,app_store,paid_social
u_005558,2025-04-14,US,app_store,paid_social
u_005559,2024-07-24,MX,app_store,referral
u_005560,2024-03-11,GB,app_store,paid_search
u_005561,2025-06-29,CA,app_store,referral
u_005562,2025-03-21,AU,app_store,paid_search
u_005563,2024-11-15,GB,app_store,paid_search
u_005564,2025-11-01,US,app_store,referral
u_005565,2025-03-05,MX,stripe,paid_search
u_005566,2025-01-27,JP,app_store,influencer
u_005567,2024-03-31,GB,app_store,referral
u_005568,2025-10-02,MX,stripe,paid_search
u_005569,2025-05-18,JP,app_store,paid_search
u_005570,2025-07-25,MX,app_store,referral
u_005571,2025-07-01,US,stripe,organic
u_005572,2025-11-26,US,play_store,paid_social
u_005573,2025-02-07,DE,app_store,referral
u_005574,2025-03-04,CA,app_store,paid_search
u_005575,2025-12-16,AU,stripe,paid_social
u_005576,2024-10-09,MX,stripe,influencer
u_005577,2025-03-28,FR,app_store,influencer
u_005578,2025-03-28,IN,stripe,influencer
u_005579,2024-10-27,DE,stripe,paid_social
u_005580,2025-08-15,US,app_store,organic
u_005581,2024-02-07,DE,stripe,influencer
u_005582,2024-11-06,IN,play_store,paid_search
u_005583,2024-05-29,US,app_store,paid_search
u_005584,2024-08-02,GB,app_store,referral
u_005585,2025-01-22,IN,stripe,paid_social
u_005586,2024-03-29,GB,play_store,paid_search
u_005587,2025-09-11,CA,app_store,paid_search
u_005588,2024-09-19,IN,app_store,referral
u_005589,2025-11-06,CA,stripe,organic
u_005590,2024-05-06,US,play_store,referral
u_005591,2024-07-19,IN,app_store,paid_social
u_005592,2025-04-19,US,stripe,referral
u_005593,2024-08-27,GB,app_store,influencer
u_005594,2024-10-21,IN,stripe,paid_social
u_005595,2024-03-07,IN,app_store,referral
u_005596,2025-07-03,US,app_store,paid_search
u_005597,2024-01-19,GB,app_store,organic
u_005598,2024-02-14,US,app_store,paid_search
u_005599,2024-11-14,US,play_store,organic
u_005600,2024-07-09,US,app_store,referral
u_005601,2024-02-22,GB,play_store,influencer
u_005602,2025-03-10,US,stripe,referral
u_005603,2024-05-25,US,play_store,influencer
u_005604,2025-01-29,US,app_store,paid_social
u_005605,2024-03-04,MX,app_store,influencer
u_005606,2025-04-02,IN,play_store,influencer
u_005607,2024-02-20,US,stripe,organic
u_005608,2024-01-14,US,stripe,referral
u_005609,2024-04-29,US,play_store,referral
u_005610,2024-04-11,IN,play_store,influencer
u_005611,2025-02-28,US,play_store,referral
u_005612,2024-06-08,AU,stripe,influencer
u_005613,2024-02-22,CA,app_store,influencer
u_005614,2025-10-25,US,stripe,referral
u_005615,2025-06-20,GB,app_store,organic
u_005616,2025-10-05,US,app_store,referral
u_005617,2024-12-14,US,play_store,organic
u_005618,2024-01-24,DE,app_store,influencer
u_005619,2025-11-23,FR,app_store,organic
u_005620,2025-04-27,US,play_store,organic
u_005621,2024-08-20,DE,stripe,organic
u_005622,2025-03-12,US,play_store,organic
u_005623,2025-09-22,DE,stripe,paid_social
u_005624,2024-07-26,BR,stripe,influencer
u_005625,2025-10-10,MX,app_store,referral
u_005626,2024-05-03,IN,play_store,paid_social
u_005627,2024-02-11,DE,app_store,organic
u_005628,2024-01-08,US,app_store,organic
u_005629,2025-11-20,CA,play_store,paid_search
u_005630,2025-04-21,FR,play_store,organic
u_005631,2024-06-22,BR,play_store,paid_search
u_005632,2024-07-17,AU,app_store,referral
u_005633,2024-07-09,US,stripe,referral
u_005634,2025-08-22,US,stripe,influencer
u_005635,2025-11-15,AU,play_store,referral
u_005636,2024-09-22,GB,play_store,referral
u_005637,2025-03-29,CA,app_store,referral
u_005638,2025-09-26,CA,app_store,paid_search
u_005639,2025-12-14,AU,stripe,paid_social
u_005640,2024-04-01,GB,play_store,referral
u_005641,2024-11-01,JP,app_store,organic
u_005642,2025-05-06,FR,app_store,paid_search
u_005643,2024-02-17,MX,stripe,influencer
u_005644,2024-09-21,FR,app_store,paid_social
u_005645,2025-12-12,US,play_store,paid_social
u_005646,2025-08-14,US,play_store,paid_search
u_005647,2025-05-30,US,app_store,paid_search
u_005648,2024-04-19,CA,play_store,organic
u_005649,2024-01-16,GB,app_store,paid_social
u_005650,2024-04-13,GB,app_store,referral
u_005651,2025-01-08,AU,play_store,referral
u_005652,2025-12-16,US,play_store,paid_social
u_005653,2024-08-24,BR,stripe,paid_search
u_005654,2024-08-26,GB,app_store,organic
u_005655,2024-11-29,US,app_store,paid_search
u_005656,2025-05-25,DE,play_store,paid_social
u_005657,2025-05-17,IN,stripe,referral
u_005658,2024-05-05,GB,app_store,paid_search
u_005659,2024-11-24,AU,stripe,organic
u_005660,2024-05-20,IN,app_store,referral
u_005661,2025-05-19,GB,app_store,paid_social
u_005662,2025-08-29,GB,play_store,influencer
u_005663,2024-04-10,GB,app_store,referral
u_005664,2025-10-16,US,play_store,influencer
u_005665,2025-04-17,US,play_store,organic
u_005666,2024-06-06,US,app_store,paid_search
u_005667,2024-10-13,DE,play_store,paid_social
u_005668,2024-02-07,GB,app_store,organic
u_005669,2025-04-16,US,stripe,referral
u_005670,2024-05-05,GB,stripe,referral
u_005671,2025-06-28,MX,play_store,referral
u_005672,2025-11-11,CA,app_store,referral
u_005673,2024-11-21,GB,app_store,organic
u_005674,2024-07-09,FR,app_store,organic
u_005675,2024-11-04,IN,app_store,referral
u_005676,2025-11-18,US,app_store,influencer
u_005677,2024-06-25,GB,play_store,referral
u_005678,2025-12-02,IN,stripe,referral
u_005679,2024-07-09,IN,stripe,organic
u_005680,2025-04-04,DE,app_store,organic
u_005681,2025-04-01,BR,app_store,paid_social
u_005682,2024-05-27,DE,app_store,paid_social
u_005683,2024-12-12,US,play_store,referral
u_005684,2025-05-02,DE,app_store,influencer
u_005685,2024-05-08,US,play_store,influencer
u_005686,2025-05-01,BR,app_store,organic
u_005687,2024-09-26,IN,stripe,referral
u_005688,2025-08-28,BR,app_store,paid_search
u_005689,2025-01-14,AU,app_store,paid_search
u_005690,2024-01-27,CA,stripe,influencer
u_005691,2024-05-28,DE,play_store,organic
u_005692,2024-12-01,IN,app_store,paid_search
u_005693,2024-01-10,GB,play_store,paid_search
u_005694,2025-02-25,DE,play_store,influencer
u_005695,2025-09-01,FR,play_store,paid_search
u_005696,2024-12-18,US,app_store,organic
u_005697,2025-08-23,CA,app_store,influencer
u_005698,2024-09-22,US,app_store,paid_social
u_005699,2025-02-16,AU,app_store,paid_social
u_005700,2024-07-03,US,app_store,paid_social
u_005701,2025-05-08,US,play_store,referral
u_005702,2025-01-14,BR,play_store,influencer
u_005703,2024-05-03,MX,app_store,paid_social
u_005704,2024-02-28,AU,app_store,influencer
u_005705,2025-01-15,US,app_store,influencer
u_005706,2025-02-17,IN,app_store,paid_search
u_005707,2024-06-28,FR,stripe,influencer
u_005708,2024-01-09,US,stripe,paid_social
u_005709,2024-07-10,US,app_store,referral
u_005710,2025-08-05,AU,app_store,paid_search
u_005711,2024-07-07,BR,app_store,organic
u_005712,2024-03-03,DE,app_store,organic
u_005713,2025-04-06,DE,stripe,organic
u_005714,2024-08-09,JP,app_store,paid_social
u_005715,2025-04-01,FR,app_store,paid_search
u_005716,2025-12-02,US,app_store,influencer
u_005717,2024-07-22,US,app_store,referral
u_005718,2024-07-06,US,app_store,influencer
u_005719,2024-08-17,JP,stripe,referral
u_005720,2024-06-12,IN,play_store,referral
u_005721,2024-09-04,FR,app_store,paid_social
u_005722,2025-07-30,US,app_store,paid_search
u_005723,2024-09-23,US,stripe,influencer
u_005724,2025-09-19,JP,play_store,organic
u_005725,2025-12-16,BR,play_store,paid_social
u_005726,2024-05-10,DE,app_store,referral
u_005727,2024-07-03,IN,app_store,influencer
u_005728,2024-04-30,JP,app_store,organic
u_005729,2024-11-01,MX,play_store,referral
u_005730,2024-03-01,US,app_store,referral
u_005731,2025-04-08,GB,app_store,paid_social
u_005732,2025-04-09,FR,play_store,paid_search
u_005733,2024-12-30,MX,play_store,paid_search
u_005734,2025-09-30,AU,play_store,organic
u_005735,2025-04-08,CA,play_store,influencer
u_005736,2025-03-21,GB,app_store,referral
u_005737,2025-01-07,AU,stripe,organic
u_005738,2024-06-22,US,app_store,organic
u_005739,2025-08-01,MX,stripe,influencer
u_005740,2024-02-17,US,play_store,paid_search
u_005741,2024-11-02,FR,app_store,organic
u_005742,2024-10-13,US,play_store,organic
u_005743,2025-08-21,US,stripe,paid_search
u_005744,2024-07-16,US,app_store,paid_social
u_005745,2024-09-07,GB,app_store,paid_search
u_005746,2025-10-29,JP,app_store,organic
u_005747,2024-04-26,BR,play_store,paid_search
u_005748,2024-10-17,GB,play_store,organic
u_005749,2024-08-19,JP,play_store,influencer
u_005750,2025-07-27,US,play_store,influencer
u_005751,2024-07-17,AU,app_store,paid_social
u_005752,2024-10-28,JP,app_store,paid_social
u_005753,2025-08-29,DE,app_store,influencer
u_005754,2024-01-28,GB,play_store,influencer
u_005755,2025-10-22,US,app_store,paid_search
u_005756,2024-10-03,US,stripe,organic
u_005757,2025-03-30,AU,play_store,referral
u_005758,2024-11-16,FR,play_store,influencer
u_005759,2024-05-17,MX,app_store,paid_social
u_005760,2025-05-23,DE,app_store,referral
u_005761,2024-11-12,IN,app_store,organic
u_005762,2024-01-16,GB,play_store,paid_search
u_005763,2025-10-18,US,app_store,referral
u_005764,2024-12-16,BR,play_store,influencer
u_005765,2024-05-15,US,app_store,paid_social
u_005766,2024-04-12,IN,app_store,referral
u_005767,2024-05-11,MX,stripe,paid_search
u_005768,2025-04-29,GB,play_store,influencer
u_005769,2025-10-06,FR,app_store,organic
u_005770,2024-05-25,CA,stripe,referral
u_005771,2024-05-03,DE,play_store,organic
u_005772,2024-01-05,IN,app_store,influencer
u_005773,2024-10-02,GB,app_store,organic
u_005774,2024-07-14,US,app_store,paid_search
u_005775,2025-12-08,US,app_store,organic
u_005776,2024-11-21,US,app_store,paid_social
u_005777,2024-04-12,IN,app_store,paid_social
u_005778,2025-11-13,JP,play_store,referral
u_005779,2025-05-11,FR,play_store,paid_social
u_005780,2024-09-24,DE,stripe,paid_search
u_005781,2025-12-10,AU,stripe,paid_social
u_005782,2024-04-05,IN,app_store,paid_search
u_005783,2025-10-05,AU,app_store,influencer
u_005784,2024-04-22,IN,play_store,organic
u_005785,2024-11-05,AU,play_store,organic
u_005786,2025-03-17,IN,app_store,influencer
u_005787,2024-07-22,MX,stripe,paid_social
u_005788,2025-08-26,IN,play_store,paid_search
u_005789,2024-04-07,GB,play_store,organic
u_005790,2024-06-18,GB,play_store,paid_search
u_005791,2025-03-19,US,stripe,paid_search
u_005792,2025-10-13,IN,play_store,influencer
u_005793,2025-06-27,US,play_store,paid_social
u_005794,2024-11-24,CA,play_store,referral
u_005795,2024-05-18,DE,app_store,influencer
u_005796,2024-09-29,GB,app_store,influencer
u_005797,2024-06-21,GB,stripe,paid_search
u_005798,2025-01-17,US,play_store,paid_social
u_005799,2025-07-22,US,app_store,paid_search
u_005800,2024-01-09,AU,play_store,paid_search
u_005801,2025-11-10,FR,app_store,paid_search
u_005802,2025-04-02,US,app_store,influencer
u_005803,2024-09-14,FR,play_store,organic
u_005804,2024-06-22,AU,app_store,paid_search
u_005805,2024-03-30,US,play_store,influencer
u_005806,2024-01-12,AU,play_store,referral
u_005807,2025-02-07,US,play_store,organic
u_005808,2024-05-17,DE,app_store,paid_search
u_005809,2024-02-23,MX,app_store,paid_social
u_005810,2024-07-08,US,stripe,organic
u_005811,2024-01-20,CA,play_store,organic
u_005812,2024-03-27,IN,app_store,paid_social
u_005813,2025-07-05,BR,app_store,paid_search
u_005814,2025-04-19,US,stripe,paid_social
u_005815,2025-01-26,JP,play_store,referral
u_005816,2024-01-22,FR,app_store,referral
u_005817,2025-11-05,US,app_store,referral
u_005818,2024-04-23,FR,play_store,organic
u_005819,2025-04-30,MX,stripe,referral
u_005820,2024-10-15,US,play_store,paid_search
u_005821,2024-01-11,US,app_store,referral
u_005822,2024-06-26,US,app_store,referral
u_005823,2025-03-11,BR,stripe,organic
u_005824,2024-07-29,MX,stripe,referral
u_005825,2024-04-27,US,stripe,influencer
u_005826,2024-09-22,US,app_store,referral
u_005827,2024-11-02,US,app_store,organic
u_005828,2025-02-02,GB,stripe,paid_search
u_005829,2024-04-29,FR,app_store,paid_social
u_005830,2025-04-20,DE,stripe,influencer
u_005831,2025-01-05,DE,app_store,organic
u_005832,2025-03-08,JP,app_store,paid_search
u_005833,2025-09-10,US,play_store,organic
u_005834,2024-10-11,FR,stripe,referral
u_005835,2024-12-01,JP,app_store,influencer
u_005836,2025-03-27,US,app_store,referral
u_005837,2025-09-26,BR,app_store,paid_search
u_005838,2025-12-15,US,stripe,paid_search
u_005839,2025-07-27,US,app_store,paid_search
u_005840,2024-03-20,AU,app_store,paid_search
u_005841,2024-12-19,DE,app_store,paid_social
u_005842,2025-05-28,JP,play_store,referral
u_005843,2025-08-06,AU,app_store,paid_search
u_005844,2024-10-27,AU,app_store,paid_social
u_005845,2025-01-22,JP,app_store,influencer
u_005846,2025-08-04,US,play_store,paid_social
u_005847,2024-07-21,IN,play_store,paid_search
u_005848,2024-03-05,BR,stripe,organic
u_005849,2025-09-01,GB,play_store,paid_search
u_005850,2025-10-02,FR,play_store,paid_search
u_005851,2024-06-27,US,play_store,paid_social
u_005852,2024-11-24,AU,play_store,organic
u_005853,2025-08-18,AU,play_store,organic
u_005854,2024-09-25,BR,app_store,referral
u_005855,2025-10-25,BR,play_store,paid_search
u_005856,2024-08-15,DE,stripe,influencer
u_005857,2024-09-25,US,play_store,referral
u_005858,2025-01-19,US,play_store,paid_search
u_005859,2025-03-01,US,app_store,referral
u_005860,2024-05-14,BR,app_store,paid_social
u_005861,2025-02-17,IN,stripe,organic
u_005862,2025-01-11,BR,stripe,organic
u_005863,2025-06-15,GB,play_store,influencer
u_005864,2025-08-07,US,app_store,referral
u_005865,2025-05-01,FR,app_store,organic
u_005866,2024-01-12,AU,app_store,organic
u_005867,2025-12-15,DE,stripe,influencer
u_005868,2025-01-29,US,stripe,paid_search
u_005869,2025-02-25,AU,app_store,paid_search
u_005870,2024-02-07,US,app_store,paid_search
u_005871,2025-03-11,IN,app_store,organic
u_005872,2025-02-09,IN,app_store,paid_social
u_005873,2024-01-23,JP,play_store,organic
u_005874,2025-07-15,FR,app_store,paid_social
u_005875,2025-03-06,DE,stripe,influencer
u_005876,2025-10-19,US,app_store,organic
u_005877,2025-06-08,DE,play_store,referral
u_005878,2024-12-02,US,play_store,influencer
u_005879,2024-02-17,GB,play_store,influencer
u_005880,2025-02-28,US,play_store,paid_social
u_005881,2025-12-14,IN,play_store,influencer
u_005882,2025-05-08,MX,app_store,paid_search
u_005883,2025-10-14,GB,app_store,paid_search
u_005884,2025-08-07,US,stripe,referral
u_005885,2024-03-01,US,stripe,referral
u_005886,2025-12-17,AU,play_store,referral
u_005887,2025-11-30,CA,app_store,referral
u_005888,2024-07-29,US,app_store,organic
u_005889,2025-02-15,AU,play_store,organic
u_005890,2025-04-30,US,stripe,influencer
u_005891,2024-06-30,AU,play_store,influencer
u_005892,2024-03-23,BR,play_store,influencer
u_005893,2024-06-12,IN,play_store,referral
u_005894,2024-11-26,MX,play_store,paid_social
u_005895,2025-04-19,US,play_store,organic
u_005896,2025-06-30,DE,stripe,influencer
u_005897,2024-09-25,US,play_store,paid_social
u_005898,2024-01-31,US,play_store,influencer
u_005899,2025-12-04,MX,app_store,organic
u_005900,2025-11-21,AU,stripe,paid_search
u_005901,2025-12-04,MX,play_store,organic
u_005902,2024-04-25,US,play_store,influencer
u_005903,2025-03-04,DE,stripe,influencer
u_005904,2024-07-02,US,app_store,influencer
u_005905,2025-03-25,US,app_store,influencer
u_005906,2025-06-27,US,stripe,paid_social
u_005907,2025-07-28,FR,play_store,paid_search
u_005908,2025-11-05,AU,stripe,paid_social
u_005909,2025-12-11,BR,play_store,referral
u_005910,2025-07-05,US,play_store,organic
u_005911,2025-01-30,BR,stripe,paid_search
u_005912,2025-11-10,US,app_store,influencer
u_005913,2025-08-16,FR,play_store,organic
u_005914,2024-04-15,GB,stripe,influencer
u_005915,2025-11-04,US,stripe,influencer
u_005916,2024-04-05,GB,app_store,referral
u_005917,2024-02-17,US,app_store,influencer
u_005918,2024-06-08,DE,app_store,referral
u_005919,2024-02-19,US,play_store,influencer
u_005920,2024-02-02,IN,stripe,organic
u_005921,2025-04-10,US,app_store,paid_social
u_005922,2025-09-07,MX,play_store,paid_search
u_005923,2024-11-02,JP,app_store,organic
u_005924,2025-11-07,JP,play_store,influencer
u_005925,2025-06-03,BR,stripe,influencer
u_005926,2024-07-07,BR,play_store,paid_search
u_005927,2024-03-31,US,play_store,referral
u_005928,2025-08-29,CA,play_store,referral
u_005929,2024-04-22,US,play_store,referral
u_005930,2024-05-15,US,app_store,paid_social
u_005931,2024-01-18,US,app_store,organic
u_005932,2025-10-12,AU,app_store,referral
u_005933,2024-07-18,BR,stripe,paid_search
u_005934,2024-10-02,US,stripe,referral
u_005935,2025-10-07,BR,play_store,paid_search
u_005936,2025-06-18,CA,stripe,organic
u_005937,2024-03-24,US,play_store,paid_search
u_005938,2025-11-08,FR,app_store,paid_social
u_005939,2025-11-04,FR,app_store,influencer
u_005940,2024-01-20,IN,stripe,paid_social
u_005941,2024-08-16,DE,app_store,paid_social
u_005942,2025-07-18,FR,play_store,referral
u_005943,2024-03-01,US,app_store,referral
u_005944,2024-01-01,US,play_store,paid_social
u_005945,2025-01-19,GB,stripe,paid_search
u_005946,2024-02-13,GB,app_store,referral
u_005947,2024-09-18,IN,app_store,influencer
u_005948,2025-03-26,AU,play_store,paid_search
u_005949,2025-11-26,US,app_store,referral
u_005950,2024-10-05,JP,stripe,influencer
u_005951,2024-05-30,US,stripe,influencer
u_005952,2025-04-07,MX,app_store,paid_search
u_005953,2024-10-10,FR,app_store,paid_social
u_005954,2024-07-21,MX,app_store,organic
u_005955,2025-01-25,DE,play_store,influencer
u_005956,2025-06-25,DE,play_store,paid_social
u_005957,2025-01-16,IN,play_store,referral
u_005958,2025-11-13,FR,app_store,organic
u_005959,2024-09-19,US,play_store,paid_social
u_005960,2024-06-18,MX,play_store,paid_social
u_005961,2024-01-12,GB,app_store,referral
u_005962,2025-08-05,IN,app_store,paid_search
u_005963,2025-01-21,BR,play_store,influencer
u_005964,2025-11-04,JP,play_store,influencer
u_005965,2025-07-15,US,app_store,influencer
u_005966,2025-05-03,FR,app_store,influencer
u_005967,2025-04-20,CA,play_store,paid_social
u_005968,2025-01-16,FR,app_store,paid_search
u_005969,2024-05-04,US,play_store,organic
u_005970,2025-06-19,MX,stripe,influencer
u_005971,2024-09-09,US,app_store,influencer
u_005972,2024-07-13,MX,play_store,paid_social
u_005973,2024-05-09,DE,app_store,organic
u_005974,2024-10-23,US,play_store,referral
u_005975,2025-02-12,US,play_store,organic
u_005976,2024-11-08,AU,play_store,organic
u_005977,2024-10-18,CA,play_store,paid_social
u_005978,2024-11-03,US,app_store,influencer
u_005979,2025-05-22,GB,stripe,influencer
u_005980,2025-04-26,US,play_store,influencer
u_005981,2025-03-21,BR,stripe,referral
u_005982,2024-10-31,US,play_store,paid_social
u_005983,2024-10-30,FR,app_store,paid_social
u_005984,2024-02-26,IN,app_store,paid_social
u_005985,2024-02-01,IN,play_store,referral
u_005986,2025-03-14,BR,stripe,influencer
u_005987,2024-09-24,IN,play_store,paid_social
u_005988,2025-08-05,MX,stripe,influencer
u_005989,2024-02-04,BR,stripe,referral
u_005990,2025-06-30,US,app_store,referral
u_005991,2025-11-05,GB,play_store,organic
u_005992,2025-04-04,BR,app_store,influencer
u_005993,2025-03-16,IN,stripe,paid_social
u_005994,2025-10-29,FR,play_store,paid_search
u_005995,2024-01-07,GB,play_store,paid_search
u_005996,2025-05-17,US,play_store,paid_search
u_005997,2024-08-18,MX,play_store,referral
u_005998,2025-11-07,BR,stripe,organic
u_005999,2024-01-14,US,play_store,paid_social
